Rk,Player,Pos,Age,Tm,G,MP,PER,TS%,3PAr,FTr,ORB%,DRB%,TRB%,AST%,STL%,BLK%,TOV%,USG%,,OWS,DWS,WS,WS/48,Space,OBPM,DBPM,BPM,VORP
1,Alex Abrines\abrinal01,SG,23,OKC,16,201,5.6,.487,.677,.169,1.1,7.1,4.2,4.8,1.2,0.4,15.7,17.6,,-0.2,0.1,0.0,-0.008,,-3.7,-2.6,-6.3,-0.2
2,Quincy Acy\acyqu01,PF,26,DAL,6,48,-1.1,.355,.471,.176,4.4,15.3,9.5,0.0,0.0,0.0,9.8,19.8,,-0.1,0.0,-0.1,-0.120,,-9.7,-5.6,-15.4,-0.2
3,Steven Adams\adamsst01,C,23,OKC,20,627,14.5,.596,.000,.376,10.2,17.4,13.9,3.0,1.9,2.4,17.9,15.2,,0.7,0.9,1.6,.120,,-1.8,1.3,-0.6,0.2
4,Arron Afflalo\afflaar01,SG,31,SAC,19,498,9.9,.531,.291,.269,1.2,10.0,5.6,7.1,0.6,0.2,2.6,13.8,,0.6,0.1,0.7,.071,,-1.0,-1.9,-2.9,-0.1
5,Alexis Ajinca\ajincal01,C,28,NOP,9,108,7.3,.417,.000,.121,8.9,21.8,15.4,1.4,0.5,3.7,12.6,16.4,,-0.1,0.1,0.0,-0.009,,-8.1,-0.7,-8.9,-0.2
6,Cole Aldrich\aldrico01,C,28,MIN,20,256,14.7,.573,.000,.295,11.2,25.4,18.0,5.6,2.5,4.0,9.1,9.3,,0.5,0.4,0.8,.156,,-0.7,2.6,1.9,0.3
7,LaMarcus Aldridge\aldrila01,PF,31,SAS,18,593,18.1,.544,.071,.314,6.3,17.1,11.7,8.6,1.0,2.5,8.5,24.7,,0.9,0.6,1.6,.126,,-0.3,-0.3,-0.5,0.2
8,Lavoy Allen\allenla01,PF,27,IND,19,294,6.8,.336,.020,.118,10.1,11.5,10.8,9.4,1.0,2.0,11.5,9.0,,-0.1,0.2,0.1,.024,,-3.7,1.1,-2.7,0.0
9,Tony Allen\allento01,SG,35,MEM,14,339,11.8,.463,.100,.227,9.4,12.2,10.7,6.6,3.5,2.3,14.2,19.0,,-0.2,0.6,0.4,.054,,-3.0,2.4,-0.6,0.1
10,Al-Farouq Aminu\aminual01,SF,26,POR,8,209,8.0,.372,.581,.242,3.7,24.4,14.0,8.3,2.8,2.6,14.9,16.8,,-0.4,0.2,-0.2,-0.049,,-4.7,1.4,-3.4,-0.1
11,Chris Andersen\anderch01,C,38,CLE,8,71,10.6,.449,.176,.706,12.7,20.8,16.9,9.7,1.4,3.3,18.3,16.7,,0.0,0.1,0.1,.066,,-3.7,1.7,-2.0,0.0
12,Alan Anderson\anderal01,SF,34,LAC,2,14,5.0,.500,.667,.000,8.2,7.8,8.0,10.9,0.0,0.0,14.3,22.3,,0.0,0.0,0.0,.033,,-0.2,-3.3,-3.5,0.0
13,Justin Anderson\anderju01,SF,23,DAL,19,385,12.5,.484,.368,.316,6.4,17.2,11.4,8.2,1.9,2.4,12.4,21.5,,-0.1,0.5,0.4,.044,,-3.0,1.1,-1.9,0.0
14,Kyle Anderson\anderky01,SG,23,SAS,17,249,9.8,.492,.222,.167,4.2,18.1,11.2,7.9,2.5,1.7,15.3,8.5,,0.1,0.4,0.4,.082,,-2.1,2.9,0.8,0.2
15,Ryan Anderson\anderry01,PF,28,HOU,20,623,13.2,.569,.570,.158,6.9,13.1,10.0,4.9,0.6,0.3,8.5,17.9,,1.2,0.1,1.3,.097,,1.7,-3.0,-1.3,0.1
16,Giannis Antetokounmpo\antetgi01,SG,22,MIL,18,620,26.9,.596,.147,.425,5.0,21.9,13.6,31.0,3.1,5.7,15.5,28.3,,1.6,1.3,2.9,.228,,4.7,5.0,9.7,1.8
17,Carmelo Anthony\anthoca01,SF,32,NYK,19,645,19.4,.539,.312,.248,3.0,16.7,9.9,13.3,1.7,0.7,8.5,29.2,,1.1,0.4,1.5,.114,,2.4,-2.1,0.3,0.4
18,Trevor Ariza\arizatr01,SF,31,HOU,20,673,15.3,.593,.718,.109,2.5,14.3,8.4,9.1,3.1,0.5,7.4,14.7,,1.3,0.6,1.9,.137,,3.2,0.5,3.6,0.9
19,Darrell Arthur\arthuda01,PF,28,DEN,7,93,7.5,.514,.444,.000,3.4,11.4,7.4,8.5,0.5,0.8,14.3,18.9,,0.0,0.0,0.0,.009,,-2.2,-2.1,-4.3,-0.1
20,Omer Asik\asikom01,C,30,NOP,20,366,11.6,.571,.000,.558,10.2,27.8,19.0,4.2,0.4,1.8,14.5,9.2,,0.5,0.4,0.9,.116,,-3.5,1.0,-2.6,-0.1
21,D.J. Augustin\augusdj01,PG,29,ORL,20,395,13.5,.548,.507,.250,0.5,6.0,3.2,26.1,0.9,0.0,13.8,22.2,,0.4,0.3,0.7,.089,,0.7,-3.6,-3.0,-0.1
22,Luke Babbitt\babbilu01,SF,27,MIA,19,302,6.1,.465,.699,.084,1.7,10.9,6.2,4.4,1.2,0.3,8.5,13.9,,-0.1,0.3,0.2,.025,,-2.5,-1.0,-3.5,-0.1
23,Ron Baker\bakerro01,SG,23,NYK,4,34,10.3,.396,.538,.154,3.2,3.2,3.2,8.3,4.4,2.4,6.7,18.9,,0.0,0.0,0.0,-0.007,,-2.1,-0.2,-2.3,0.0
24,Wade Baldwin\baldwwa01,PG,20,MEM,14,234,7.4,.378,.206,.206,3.4,11.5,7.3,26.0,2.7,2.0,22.1,18.6,,-0.5,0.3,-0.2,-0.035,,-5.5,1.4,-4.1,-0.1
25,Leandro Barbosa\barbole01,SG,34,PHO,19,232,12.9,.502,.213,.067,1.8,9.7,5.6,15.6,1.2,0.0,3.2,17.0,,0.3,0.1,0.4,.078,,-0.8,-2.5,-3.3,-0.1
26,J.J. Barea\bareajo01,PG,32,DAL,9,298,17.7,.543,.382,.228,1.4,11.1,5.9,30.9,1.1,0.3,11.7,24.1,,0.5,0.2,0.7,.109,,1.9,-1.5,0.5,0.2
27,Harrison Barnes\barneha02,SF,24,DAL,19,712,16.4,.523,.169,.187,3.9,14.3,8.7,6.4,1.1,0.5,6.3,26.0,,0.6,0.5,1.1,.077,,-1.1,-1.4,-2.5,-0.1
28,Matt Barnes\barnema02,SF,36,SAC,19,493,9.8,.500,.584,.182,4.5,18.1,11.3,15.9,1.4,1.7,19.6,16.7,,-0.1,0.4,0.3,.025,,-1.2,0.7,-0.5,0.2
29,Will Barton\bartowi01,SG,26,DEN,8,235,13.6,.516,.264,.363,4.0,13.1,8.5,13.4,0.6,1.0,10.2,20.9,,0.3,0.1,0.4,.074,,-0.4,-1.1,-1.5,0.0
30,Brandon Bass\bassbr01,PF,31,LAC,12,107,14.6,.587,.029,.176,6.4,11.2,8.9,7.4,0.5,1.5,7.6,16.5,,0.2,0.1,0.3,.153,,-0.7,-0.3,-1.0,0.0
31,Nicolas Batum\batumni01,SG,28,CHO,19,657,14.4,.517,.500,.324,2.5,18.7,10.7,24.9,1.6,1.1,15.4,19.8,,0.4,0.9,1.3,.092,,0.3,1.3,1.7,0.6
32,Jerryd Bayless\bayleje01,PG,28,PHI,3,71,9.5,.453,.156,.313,4.7,13.7,9.3,30.9,0.0,0.0,19.8,28.4,,-0.1,0.0,-0.1,-0.074,,-4.4,-3.4,-7.8,-0.1
33,Aron Baynes\baynear01,C,30,DET,21,345,9.3,.542,.000,.487,7.0,20.6,13.9,3.2,1.0,1.9,20.6,15.1,,0.0,0.5,0.5,.075,,-4.4,1.7,-2.7,-0.1
34,Kent Bazemore\bazemke01,SF,27,ATL,21,576,10.9,.460,.364,.186,2.1,10.6,6.4,14.6,2.9,1.8,13.0,21.9,,-0.5,0.9,0.4,.033,,-3.0,1.5,-1.5,0.1
35,Bradley Beal\bealbr01,SG,23,WAS,15,517,19.3,.574,.409,.268,2.8,7.3,5.0,14.2,1.4,1.1,8.7,26.2,,1.2,0.2,1.5,.138,,3.9,-2.8,1.2,0.4
36,Malik Beasley\beaslma01,SG,20,DEN,9,54,8.7,.411,.448,.207,0.0,7.9,3.9,8.9,1.8,0.0,0.0,24.5,,0.0,0.0,0.0,.007,,-2.4,-4.1,-6.5,-0.1
37,Michael Beasley\beaslmi01,SF,28,MIL,18,281,15.5,.544,.095,.246,5.5,18.6,12.2,9.1,1.6,0.9,12.5,24.9,,0.1,0.3,0.5,.079,,-2.3,-1.8,-4.1,-0.1
38,Marco Belinelli\belinma01,SG,30,CHO,20,503,13.5,.575,.476,.193,0.6,10.3,5.5,11.7,1.5,0.7,7.2,17.2,,0.7,0.5,1.2,.113,,0.6,-0.7,-0.1,0.2
39,DeAndre' Bembry\bembrde01,SF,22,ATL,8,42,-0.5,.302,.214,.143,5.3,7.8,6.5,6.8,1.2,0.0,21.2,19.4,,-0.2,0.0,-0.2,-0.173,,-10.5,-1.5,-12.1,-0.1
40,Dragan Bender\bendedr01,PF,19,PHO,15,167,6.8,.507,.587,.065,2.5,12.1,7.1,4.3,0.6,3.3,16.0,14.1,,-0.1,0.1,0.0,-0.003,,-3.5,-0.6,-4.1,-0.1
41,Anthony Bennett\bennean01,PF,23,BRK,12,130,16.1,.510,.560,.400,8.8,24.7,16.6,8.7,1.5,0.0,6.4,20.5,,0.2,0.1,0.3,.095,,-0.1,-2.6,-2.7,0.0
42,Davis Bertans\bertada01,PF,24,SAS,16,186,12.0,.656,.750,.091,3.1,8.7,5.9,4.1,0.3,4.0,9.9,12.6,,0.3,0.1,0.4,.112,,1.4,-0.4,0.9,0.1
43,Patrick Beverley\beverpa01,SG,28,HOU,9,255,12.5,.520,.439,.140,5.8,12.2,9.0,18.6,2.3,2.3,15.4,12.1,,0.4,0.2,0.6,.110,,0.6,1.3,1.9,0.2
44,Bismack Biyombo\biyombi01,C,24,ORL,19,481,9.9,.466,.000,.722,10.3,25.1,17.6,6.0,0.4,4.4,21.8,12.4,,-0.2,0.8,0.6,.061,,-5.8,3.3,-2.4,-0.1
45,Nemanja Bjelica\bjeline01,PF,28,MIN,20,345,12.6,.540,.580,.185,3.5,20.6,11.7,10.8,2.0,1.7,14.0,18.9,,0.2,0.3,0.5,.072,,-0.1,-0.6,-0.7,0.1
46,Tarik Black\blackta01,C,25,LAL,22,343,16.7,.558,.010,.412,15.3,21.5,18.3,6.0,1.0,3.1,11.6,16.0,,0.7,0.3,1.0,.140,,-0.3,0.0,-0.3,0.2
47,Eric Bledsoe\bledser01,PG,27,PHO,20,647,19.4,.549,.283,.383,3.2,17.0,9.9,27.0,2.1,0.7,14.6,26.5,,1.0,0.5,1.5,.114,,2.8,0.1,2.9,0.8
48,Bojan Bogdanovic\bogdabo02,SF,27,BRK,19,526,14.0,.577,.439,.311,2.0,11.4,6.6,8.3,0.7,0.1,10.7,21.8,,0.7,0.0,0.7,.061,,0.0,-3.4,-3.4,-0.2
49,Andrew Bogut\bogutan01,C,32,DAL,15,389,10.9,.470,.017,.183,10.7,37.8,23.3,14.3,1.3,3.1,30.2,11.2,,-0.1,0.7,0.5,.067,,-5.6,5.5,0.0,0.2
50,Joel Bolomboy\bolomjo01,PF,23,UTA,7,15,25.1,.644,.333,.667,0.0,58.0,30.6,10.7,3.5,10.6,20.5,15.5,,0.0,0.1,0.1,.238,,-4.4,10.1,5.7,0.0
51,Devin Booker\bookede01,SG,20,PHO,19,634,13.0,.509,.288,.248,1.3,7.1,4.1,13.6,1.3,0.7,11.4,26.6,,0.1,0.2,0.3,.024,,-0.8,-2.8,-3.6,-0.3
52,Trevor Booker\booketr01,PF,29,BRK,18,496,18.8,.583,.128,.189,8.0,24.2,15.9,14.1,3.6,1.6,14.4,16.0,,0.8,0.7,1.5,.141,,0.3,3.2,3.5,0.7
53,Avery Bradley\bradlav01,SG,26,BOS,20,714,16.2,.552,.345,.101,4.1,19.9,12.0,12.1,1.5,0.6,9.3,22.1,,0.8,0.7,1.5,.099,,0.8,-0.6,0.1,0.4
54,Corey Brewer\breweco01,SF,30,HOU,20,297,8.7,.515,.413,.227,3.4,13.1,8.3,8.9,1.5,0.8,12.7,13.7,,0.2,0.1,0.3,.052,,-1.8,-1.0,-2.8,-0.1
55,Malcolm Brogdon\brogdma01,SG,24,MIL,18,373,12.0,.507,.306,.185,2.4,10.3,6.4,19.1,2.0,0.2,13.5,18.3,,0.2,0.4,0.6,.071,,-1.1,-1.4,-2.4,0.0
56,Aaron Brooks\brookaa01,PG,32,IND,16,256,12.2,.539,.430,.110,1.7,5.5,3.6,23.6,1.9,1.3,18.6,22.0,,0.0,0.2,0.2,.032,,-0.9,-2.9,-3.7,-0.1
57,Anthony Brown\brownan02,SF,24,NOP,6,76,10.7,.579,.684,.000,5.6,12.7,9.1,5.9,1.9,1.1,13.6,12.9,,0.0,0.1,0.1,.078,,-0.8,0.1,-0.7,0.0
58,Bobby Brown\brownbo02,PG,32,HOU,6,22,-19.4,.083,.333,.000,0.0,10.4,5.2,0.0,0.0,0.0,7.7,25.5,,-0.2,0.0,-0.2,-0.509,,-20.6,-8.3,-28.9,-0.1
59,Jaylen Brown\brownja02,SF,20,BOS,20,270,10.6,.491,.291,.337,5.6,10.5,8.1,7.7,1.9,2.1,11.6,18.5,,0.0,0.2,0.2,.037,,-3.0,-0.6,-3.6,-0.1
60,Nicolas Brussino\brussni01,SF,23,DAL,15,106,14.5,.574,.650,.300,4.0,15.0,9.1,22.5,2.5,2.6,18.1,12.2,,0.2,0.1,0.3,.137,,-1.0,2.4,1.4,0.1
61,Reggie Bullock\bullore01,SF,25,DET,4,42,14.6,.500,.438,.000,7.8,5.1,6.5,3.6,1.2,3.9,5.9,18.2,,0.0,0.1,0.1,.089,,-0.2,0.4,0.2,0.0
62,Trey Burke\burketr01,PG,24,WAS,14,167,8.6,.452,.121,.091,1.3,4.1,2.7,15.0,0.9,1.0,10.4,20.0,,-0.1,0.0,-0.1,-0.020,,-4.4,-3.6,-8.0,-0.3
63,Jimmy Butler\butleji01,SF,27,CHI,19,681,27.7,.608,.208,.599,5.2,14.3,9.7,19.1,2.4,0.5,8.9,27.7,,3.2,0.9,4.1,.289,,7.0,-0.1,6.9,1.5
64,Bruno Caboclo\cabocbr01,SF,21,TOR,3,11,18.5,.500,.667,.000,10.4,30.7,20.7,36.4,9.2,0.0,40.0,20.3,,0.0,0.0,0.0,.127,,1.1,7.9,9.0,0.0
65,Jose Calderon\caldejo01,PG,35,LAL,14,195,12.1,.592,.444,.074,3.3,14.3,8.7,27.1,1.2,0.4,28.3,16.9,,0.1,0.1,0.2,.038,,-0.9,-1.7,-2.7,0.0
66,Kentavious Caldwell-Pope\caldwke01,SG,23,DET,21,695,15.9,.539,.415,.210,3.3,7.8,5.6,13.1,1.8,0.4,6.9,20.6,,1.2,0.8,2.0,.136,,3.0,0.5,3.4,1.0
67,Isaiah Canaan\canaais01,SG,25,CHI,19,392,10.4,.539,.598,.197,0.5,7.7,4.1,7.8,1.8,0.2,9.3,15.3,,0.4,0.4,0.7,.090,,0.0,-1.4,-1.4,0.1
68,Clint Capela\capelca01,C,22,HOU,20,526,20.2,.619,.000,.250,11.0,25.5,18.3,4.9,0.7,6.0,11.7,18.2,,1.1,0.6,1.7,.156,,-0.6,1.1,0.5,0.3
69,DeMarre Carroll\carrode01,SF,30,TOR,16,411,15.5,.583,.577,.185,2.8,12.9,7.9,4.9,2.1,1.9,4.1,15.9,,0.9,0.4,1.3,.150,,2.9,-0.1,2.8,0.5
70,Vince Carter\cartevi01,SG,40,MEM,18,476,11.5,.508,.577,.235,2.6,15.1,8.6,11.6,1.6,1.4,8.4,17.2,,0.3,0.6,0.9,.090,,-0.1,0.3,0.2,0.3
71,Michael Carter-Williams\cartemi01,PG,25,CHI,3,45,6.6,.358,.133,.267,7.0,13.9,10.4,24.7,2.2,3.5,26.4,21.7,,-0.1,0.1,-0.1,-0.069,,-6.6,1.9,-4.7,0.0
72,Omri Casspi\casspom01,SF,28,SAC,10,181,8.2,.461,.308,.096,6.4,16.6,11.5,9.3,0.8,0.5,15.6,15.9,,-0.1,0.1,0.0,-0.007,,-3.4,-1.2,-4.6,-0.1
73,Willie Cauley-Stein\caulewi01,C,23,SAC,15,179,12.5,.584,.000,.309,5.8,11.0,8.4,3.8,1.7,3.6,13.8,18.1,,0.1,0.2,0.3,.078,,-2.7,-0.1,-2.8,0.0
74,Tyson Chandler\chandty01,C,34,PHO,12,317,14.3,.730,.000,.354,10.2,37.9,23.5,3.2,1.2,1.5,24.5,9.7,,0.5,0.4,0.8,.127,,-2.5,0.7,-1.8,0.0
75,Wilson Chandler\chandwi01,SF,29,DEN,18,561,18.7,.556,.275,.207,5.5,19.5,12.4,9.9,1.2,0.5,8.5,24.5,,1.0,0.4,1.5,.125,,1.9,-1.1,0.8,0.4
76,Marquese Chriss\chrisma01,PF,19,PHO,20,313,8.4,.496,.277,.286,5.3,15.1,10.0,5.4,1.5,2.8,17.6,20.4,,-0.3,0.2,-0.1,-0.008,,-4.2,-0.4,-4.7,-0.2
77,Rakeem Christmas\chrisra01,PF,25,IND,3,14,9.2,.338,.000,.250,7.9,15.5,11.7,9.6,0.0,6.1,0.0,13.9,,0.0,0.0,0.0,.025,,-5.8,0.9,-4.9,0.0
78,Semaj Christon\chrisse01,PG,24,OKC,19,251,5.5,.340,.188,.101,2.3,7.0,4.7,22.9,1.2,0.3,12.2,13.9,,-0.2,0.2,0.0,-0.006,,-5.4,-1.9,-7.3,-0.3
79,Ian Clark\clarkia01,SG,25,GSW,17,227,15.1,.616,.488,.167,1.6,9.5,5.8,9.9,1.3,0.7,7.2,18.4,,0.4,0.2,0.6,.128,,1.5,-2.7,-1.2,0.0
80,Jordan Clarkson\clarkjo01,SG,24,LAL,22,621,14.3,.509,.279,.171,2.6,8.3,5.4,13.0,3.0,0.4,12.3,24.9,,0.1,0.4,0.4,.034,,-0.4,-1.3,-1.7,0.0
81,Darren Collison\collida01,PG,29,SAC,11,328,16.9,.592,.250,.346,1.8,6.0,3.9,25.9,2.3,0.3,15.5,19.3,,0.6,0.2,0.8,.118,,1.5,-2.1,-0.6,0.1
82,Nick Collison\collini01,PF,36,OKC,5,22,0.3,.000,.000,.000,0.0,9.9,5.1,27.3,0.0,0.0,33.3,5.8,,0.0,0.0,0.0,-0.037,,-9.2,-2.2,-11.4,-0.1
83,Mike Conley\conlemi01,PG,29,MEM,17,547,23.4,.599,.385,.372,1.5,12.0,6.5,33.4,2.3,1.7,12.5,26.0,,1.7,0.7,2.4,.211,,5.8,0.0,5.8,1.1
84,Pat Connaughton\connapa01,SG,24,POR,9,42,16.8,.781,.286,.429,0.0,15.9,7.9,13.5,0.0,1.9,0.0,8.6,,0.1,0.0,0.1,.167,,1.0,-2.1,-1.1,0.0
85,DeMarcus Cousins\couside01,C,26,SAC,19,646,28.1,.564,.209,.466,7.9,27.4,17.7,19.7,1.8,3.4,9.9,37.1,,1.8,0.9,2.7,.200,,5.1,1.0,6.1,1.3
86,Robert Covington\covinro01,SF,26,PHI,19,522,9.0,.451,.715,.188,4.3,15.7,10.1,5.9,3.4,2.1,14.8,17.9,,-0.7,0.7,0.0,-0.004,,-2.4,1.3,-1.2,0.1
87,Allen Crabbe\crabbal01,SG,24,POR,21,584,9.5,.561,.497,.217,1.1,9.7,5.4,6.5,0.8,0.8,9.0,14.1,,0.5,-0.1,0.5,.040,,-0.4,-2.2,-2.6,-0.1
88,Jamal Crawford\crawfja01,SG,36,LAC,21,530,12.7,.521,.394,.220,0.4,6.2,3.4,12.8,1.4,0.2,8.4,22.0,,0.4,0.6,1.0,.087,,-0.1,-1.6,-1.7,0.0
89,Jae Crowder\crowdja01,SF,26,BOS,12,350,16.2,.622,.542,.117,1.6,16.4,9.0,12.1,2.0,1.2,10.6,18.0,,0.6,0.3,1.0,.133,,1.9,-0.2,1.7,0.3
90,Dante Cunningham\cunnida01,SF,29,NOP,15,353,8.0,.487,.464,.060,3.9,13.9,8.9,3.3,1.4,2.5,10.4,12.2,,-0.1,0.4,0.2,.033,,-3.3,1.1,-2.1,0.0
91,Seth Curry\curryse01,PG,26,DAL,17,475,11.6,.509,.457,.110,1.8,9.0,5.2,16.6,2.0,0.6,12.2,19.3,,0.0,0.4,0.4,.045,,-1.1,0.1,-1.0,0.1
92,Stephen Curry\curryst01,PG,28,GSW,20,672,26.2,.665,.555,.303,2.5,9.9,6.5,26.6,2.1,0.6,13.3,29.8,,2.8,0.7,3.5,.247,,8.6,-2.1,6.5,1.4
93,Troy Daniels\danietr01,SG,25,MEM,10,172,13.8,.528,.639,.181,2.0,7.1,4.4,10.5,0.9,1.1,4.9,21.7,,0.2,0.1,0.3,.095,,1.4,-3.2,-1.8,0.0
94,Anthony Davis\davisan02,PF,23,NOP,19,707,32.1,.603,.105,.495,5.3,26.3,15.8,12.5,2.4,5.8,8.1,34.2,,2.4,1.4,3.8,.259,,4.3,2.8,7.1,1.6
95,Deyonta Davis\davisde01,C,20,MEM,17,139,12.4,.565,.000,.323,11.4,17.5,14.4,2.4,0.4,6.9,14.5,13.6,,0.1,0.2,0.3,.117,,-3.8,1.7,-2.1,0.0
96,Ed Davis\davised01,PF,27,POR,21,385,9.3,.514,.000,.409,12.2,18.7,15.4,4.5,0.9,3.1,19.6,11.0,,0.3,0.2,0.4,.053,,-2.8,0.4,-2.4,0.0
97,Dewayne Dedmon\dedmode01,C,27,SAS,14,195,16.4,.496,.000,.362,13.7,31.3,22.6,1.5,2.4,8.6,12.8,14.8,,0.1,0.5,0.6,.154,,-4.1,3.8,-0.4,0.1
98,Sam Dekker\dekkesa01,SF,22,HOU,20,368,15.1,.595,.423,.135,7.1,15.9,11.5,8.3,1.8,1.3,9.8,14.3,,0.7,0.2,1.0,.128,,1.3,-0.4,0.9,0.3
99,Malcolm Delaney\delanma01,PG,27,ATL,21,349,9.6,.476,.263,.281,1.3,10.0,5.6,27.7,1.1,0.2,19.0,19.5,,-0.1,0.3,0.2,.032,,-3.9,-1.7,-5.6,-0.3
100,Matthew Dellavedova\dellama01,PG,26,MIL,18,513,11.3,.501,.388,.144,1.5,8.8,5.2,30.9,1.7,0.2,20.9,16.0,,0.2,0.4,0.6,.060,,-1.2,-2.1,-3.3,-0.2
101,Luol Deng\denglu01,SF,31,LAL,22,538,9.2,.424,.355,.181,5.2,18.3,11.6,7.6,1.8,0.6,9.1,15.5,,-0.2,0.3,0.1,.011,,-2.7,-0.2,-2.9,-0.1
102,DeMar DeRozan\derozde01,SG,27,TOR,20,714,25.6,.563,.086,.429,3.2,13.6,8.4,21.5,1.8,0.1,9.8,34.4,,2.3,0.6,2.9,.194,,3.2,-1.6,1.6,0.6
103,Cheick Diallo\diallch01,PF,20,NOP,2,7,0.0,.000,.000,.000,15.3,0.0,7.6,0.0,0.0,11.5,0.0,12.8,,0.0,0.0,0.0,-0.194,,-12.7,2.3,-10.4,0.0
104,Boris Diaw\diawbo01,PF,34,UTA,12,239,3.9,.408,.375,.104,3.5,9.6,6.7,12.2,0.7,0.0,19.3,12.4,,-0.2,0.2,0.0,-0.008,,-3.7,0.0,-3.7,-0.1
105,Gorgui Dieng\dienggo01,PF,27,MIN,20,623,14.3,.549,.062,.273,9.4,21.1,15.0,11.7,1.5,3.5,17.8,15.3,,0.6,0.6,1.2,.092,,-0.5,2.2,1.6,0.6
106,Goran Dragic\dragigo01,PG,30,MIA,15,494,17.7,.526,.249,.324,3.0,10.0,6.4,34.6,1.7,0.5,14.7,25.7,,0.7,0.5,1.2,.113,,2.5,-0.8,1.7,0.5
107,Andre Drummond\drumman01,C,23,DET,20,588,22.3,.527,.004,.329,13.3,35.6,24.5,7.2,2.8,2.9,12.6,23.7,,0.5,1.5,2.0,.167,,-1.1,3.9,2.8,0.7
108,Jared Dudley\dudleja01,PF,31,PHO,19,469,12.0,.608,.551,.263,3.1,12.9,7.8,12.1,1.5,0.7,14.9,13.8,,0.7,0.2,0.9,.091,,0.9,-0.3,0.6,0.3
109,Mike Dunleavy\dunlemi02,SF,36,CLE,14,218,6.7,.480,.684,.175,0.5,11.1,6.0,8.9,0.9,0.7,10.2,13.7,,0.0,0.1,0.1,.029,,-2.2,-1.2,-3.4,-0.1
110,Kris Dunn\dunnkr01,PG,22,MIN,20,353,9.1,.431,.194,.403,2.2,13.0,7.3,22.2,3.7,1.7,23.5,13.7,,-0.2,0.4,0.2,.021,,-3.3,1.6,-1.7,0.0
111,Kevin Durant\duranke01,SF,28,GSW,20,702,30.4,.680,.288,.412,2.5,22.3,13.2,21.6,2.1,3.8,9.9,27.3,,3.4,1.2,4.6,.317,,7.1,2.2,9.3,2.0
112,Henry Ellenson\ellenhe01,PF,20,DET,5,14,10.3,.333,.000,.000,7.8,38.5,23.3,9.5,0.0,0.0,0.0,9.6,,0.0,0.0,0.0,.084,,-5.5,1.6,-3.9,0.0
113,Wayne Ellington\ellinwa01,SG,29,MIA,4,131,16.7,.630,.600,.133,0.0,5.0,2.5,9.0,2.0,0.0,4.0,16.9,,0.3,0.1,0.4,.160,,3.2,-1.9,1.3,0.1
114,Monta Ellis\ellismo01,SG,31,IND,19,626,9.8,.514,.251,.189,0.5,11.3,5.9,18.0,1.9,1.6,20.9,16.8,,-0.3,0.5,0.2,.016,,-2.8,0.4,-2.4,-0.1
115,Joel Embiid\embiijo01,C,22,PHI,13,301,24.7,.590,.205,.462,10.0,27.3,18.8,15.4,1.0,7.7,19.2,37.6,,0.1,0.5,0.6,.091,,0.1,1.8,2.0,0.3
116,James Ennis\ennisja01,SF,26,MEM,14,409,12.0,.573,.432,.379,6.4,15.2,10.6,7.5,1.6,0.5,11.9,14.1,,0.6,0.5,1.0,.121,,0.2,0.5,0.7,0.3
117,Tyler Ennis\ennisty01,PG,22,HOU,14,121,5.8,.455,.262,.048,3.8,6.6,5.2,22.7,2.0,0.0,24.6,20.3,,-0.2,0.0,-0.1,-0.046,,-4.7,-2.8,-7.5,-0.2
118,Dante Exum\exumda01,PG,21,UTA,20,413,8.9,.491,.426,.213,4.1,8.7,6.5,11.4,0.5,1.4,12.5,17.6,,0.1,0.4,0.4,.049,,-1.4,-0.6,-2.0,0.0
119,Kenneth Faried\farieke01,PF,27,DEN,20,482,19.9,.543,.021,.486,16.4,23.3,19.9,6.1,2.2,3.4,12.5,17.3,,0.9,0.7,1.6,.160,,0.3,2.5,2.8,0.6
120,Jordan Farmar\farmajo01,PG,30,SAC,2,35,15.0,.500,.750,.000,3.3,6.6,5.0,39.3,2.9,0.0,20.0,19.2,,0.0,0.0,0.1,.076,,1.4,-3.5,-2.1,0.0
121,Derrick Favors\favorde01,PF,25,UTA,11,264,16.3,.505,.020,.367,6.9,23.5,15.6,4.6,2.2,3.3,11.0,23.1,,0.0,0.5,0.5,.099,,-4.1,1.5,-2.6,0.0
122,Kay Felder\feldeka01,PG,21,CLE,7,63,7.4,.427,.053,.526,1.8,11.7,6.9,26.6,0.0,1.2,20.4,20.3,,-0.1,0.0,0.0,-0.023,,-6.4,-2.2,-8.7,-0.1
123,Cristiano Felicio\feliccr01,C,24,CHI,12,119,10.5,.398,.000,.200,15.8,18.4,17.1,7.0,0.8,1.3,10.9,13.2,,0.0,0.1,0.2,.076,,-2.9,-0.1,-3.1,0.0
124,Raymond Felton\feltora01,PG,32,LAC,21,362,10.1,.537,.357,.061,1.3,9.7,5.6,12.2,2.1,1.6,14.5,14.5,,0.1,0.5,0.6,.085,,-1.3,1.7,0.4,0.2
125,Yogi Ferrell\ferreyo01,PG,23,BRK,10,151,7.0,.482,.551,.327,2.8,5.7,4.2,17.2,0.6,1.0,20.0,19.7,,-0.2,0.0,-0.2,-0.055,,-3.7,-3.6,-7.3,-0.2
126,Dorian Finney-Smith\finnedo01,PF,23,DAL,18,341,7.9,.484,.600,.243,4.1,8.3,6.0,7.0,1.2,1.1,7.2,11.5,,0.2,0.2,0.4,.056,,-2.4,0.6,-1.8,0.0
127,Bryn Forbes\forbebr01,SG,23,SAS,9,51,3.1,.402,.417,.083,0.0,9.0,4.5,2.8,1.0,0.0,0.0,11.3,,0.0,0.0,0.0,.001,,-4.0,-1.9,-6.0,-0.1
128,Evan Fournier\fournev01,SG,24,ORL,20,680,15.4,.568,.383,.325,1.7,7.9,4.8,18.1,1.7,0.0,13.0,23.7,,0.9,0.7,1.6,.112,,1.9,-1.3,0.7,0.5
129,Randy Foye\foyera01,SG,33,BRK,13,234,7.0,.468,.634,.155,0.4,15.1,7.7,19.1,0.8,1.0,19.2,17.0,,-0.2,0.1,-0.2,-0.033,,-3.8,-1.7,-5.5,-0.2
130,Tim Frazier\fraziti01,PG,26,NOP,20,620,13.9,.538,.264,.313,1.6,9.5,5.5,37.0,1.3,0.5,20.4,18.7,,0.5,0.4,1.0,.075,,-0.6,-1.7,-2.3,0.0
131,Channing Frye\fryech01,C,33,CLE,13,234,19.2,.629,.651,.113,2.9,15.8,9.6,5.7,1.1,3.3,7.5,22.4,,0.6,0.2,0.8,.168,,3.1,-1.4,1.6,0.2
132,Danilo Gallinari\gallida01,SF,28,DEN,17,613,14.1,.564,.392,.495,1.9,11.6,6.7,8.7,0.9,0.7,8.5,18.5,,1.2,0.3,1.5,.114,,1.2,-0.8,0.4,0.4
133,Langston Galloway\gallola01,PG,25,NOP,20,413,12.2,.492,.515,.078,1.8,11.1,6.5,12.3,2.7,0.2,7.5,20.2,,-0.1,0.4,0.4,.044,,-0.5,-0.5,-1.0,0.1
134,Marc Gasol\gasolma01,C,32,MEM,20,664,20.0,.540,.228,.248,2.9,16.7,9.5,23.0,1.3,4.7,10.3,26.1,,1.0,1.0,2.0,.141,,1.8,2.1,3.9,1.0
135,Pau Gasol\gasolpa01,C,36,SAS,19,495,18.1,.522,.114,.232,6.1,26.3,16.3,17.1,0.9,3.7,9.7,21.1,,0.6,0.7,1.3,.127,,-0.2,2.4,2.1,0.5
136,Rudy Gay\gayru01,SF,30,SAC,18,624,18.5,.564,.231,.328,3.2,18.2,10.7,15.5,1.9,2.0,12.8,25.2,,0.8,0.6,1.4,.110,,1.1,0.4,1.5,0.5
137,Michael Gbinije\gbinimi01,SG,24,DET,6,21,-2.7,.225,.500,.250,5.2,5.1,5.2,6.1,0.0,0.0,0.0,19.0,,-0.1,0.0,-0.1,-0.150,,-7.0,-3.1,-10.1,0.0
138,Alonzo Gee\geeal01,SF,29,DEN,9,80,5.6,.345,.250,.750,4.0,11.9,7.9,9.9,3.0,0.9,11.1,9.4,,0.0,0.1,0.0,.025,,-3.9,2.3,-1.6,0.0
139,Paul George\georgpa01,SF,26,IND,12,419,18.9,.556,.380,.210,3.7,17.9,10.8,16.7,2.6,1.4,14.2,27.3,,0.3,0.5,0.9,.098,,1.8,0.1,1.9,0.4
140,Jonathan Gibson\gibsojo01,PG,29,DAL,9,159,13.1,.523,.470,.394,0.7,12.3,6.1,24.4,2.3,0.0,18.9,28.1,,-0.1,0.2,0.0,.013,,-1.5,-1.2,-2.7,0.0
141,Taj Gibson\gibsota01,PF,31,CHI,19,551,17.6,.569,.000,.225,8.7,19.9,14.3,9.3,1.2,2.8,13.8,18.5,,0.8,0.8,1.6,.139,,-0.4,1.4,1.1,0.4
142,Manu Ginobili\ginobma01,SG,39,SAS,17,333,14.7,.543,.491,.268,3.1,13.2,8.2,20.6,2.9,0.8,17.2,21.0,,0.2,0.4,0.7,.097,,1.2,0.5,1.7,0.3
143,Rudy Gobert\goberru01,C,24,UTA,21,661,20.4,.671,.000,.875,11.9,27.5,20.1,5.0,1.0,6.4,16.6,14.4,,1.8,1.4,3.2,.229,,0.4,4.5,5.0,1.2
144,Archie Goodwin\goodwar01,SG,22,NOP,3,30,20.2,.798,.400,2.000,0.0,0.0,0.0,4.6,0.0,2.7,0.0,14.0,,0.2,0.0,0.2,.295,,2.7,-3.9,-1.2,0.0
145,Aaron Gordon\gordoaa01,SF,21,ORL,20,521,11.7,.467,.304,.196,4.7,13.9,9.2,11.3,1.6,1.8,9.5,20.0,,-0.2,0.7,0.6,.052,,-2.3,0.8,-1.4,0.1
146,Eric Gordon\gordoer01,SG,28,HOU,20,627,14.3,.564,.585,.165,1.5,9.3,5.4,12.8,1.2,1.2,11.5,22.7,,0.9,0.2,1.1,.084,,1.6,-2.7,-1.0,0.2
147,Marcin Gortat\gortama01,C,32,WAS,18,636,16.2,.597,.006,.342,10.3,28.6,19.3,6.6,0.6,2.9,12.7,14.0,,1.2,0.7,1.9,.141,,-0.6,1.4,0.8,0.4
148,Treveon Graham\grahatr01,SG,23,CHO,5,48,6.1,.917,.667,.000,0.0,13.2,6.7,6.0,0.0,0.0,14.3,6.5,,0.1,0.0,0.1,.113,,-0.8,-1.5,-2.3,0.0
149,Jerami Grant\grantje01,SF,22,TOT,19,378,9.8,.526,.304,.522,1.8,13.9,8.0,2.2,1.3,4.3,10.3,14.3,,0.0,0.5,0.5,.065,,-4.1,0.6,-3.4,-0.1
149,Jerami Grant\grantje01,SF,22,PHI,2,41,3.7,.390,.118,.471,0.0,18.5,9.4,0.0,0.0,7.8,12.8,25.5,,-0.2,0.0,-0.1,-0.154,,-13.5,-3.1,-16.6,-0.1
149,Jerami Grant\grantje01,SF,22,OKC,17,337,10.5,.556,.347,.533,2.0,13.3,7.8,2.5,1.4,3.9,9.7,13.0,,0.2,0.4,0.6,.091,,-2.9,1.1,-1.8,0.0
150,Jerian Grant\grantje02,PG,24,CHI,13,171,10.1,.419,.283,.167,1.2,10.4,5.8,14.4,3.2,0.9,7.2,17.4,,0.0,0.3,0.2,.066,,-2.6,0.2,-2.4,0.0
151,Danny Green\greenda02,SG,29,SAS,12,318,12.6,.628,.735,.147,1.1,12.7,6.9,13.0,1.3,2.6,13.2,12.1,,0.5,0.3,0.8,.120,,1.8,1.0,2.8,0.4
152,Draymond Green\greendr01,PF,26,GSW,19,636,18.6,.513,.351,.333,6.3,21.4,14.4,28.0,3.1,3.7,16.2,15.8,,1.2,1.2,2.5,.186,,1.6,4.6,6.2,1.3
153,Gerald Green\greenge01,SG,31,BOS,11,112,8.3,.407,.510,.122,3.9,15.5,9.7,20.0,0.9,0.7,10.4,23.0,,-0.1,0.1,-0.1,-0.025,,-3.2,-2.5,-5.7,-0.1
154,JaMychal Green\greenja01,PF,26,MEM,21,617,13.2,.585,.250,.296,7.9,19.5,13.5,6.3,1.2,2.5,13.1,14.7,,0.9,0.8,1.7,.129,,-0.5,1.5,1.0,0.5
155,Jeff Green\greenje02,SF,30,ORL,19,436,9.2,.462,.405,.268,2.9,12.6,7.7,10.6,0.7,1.2,10.5,19.6,,-0.2,0.5,0.3,.029,,-3.2,-0.7,-3.9,-0.2
156,Blake Griffin\griffbl01,PF,27,LAC,20,659,24.6,.555,.067,.473,6.4,22.4,14.6,25.2,1.7,1.5,8.9,28.1,,2.1,1.2,3.3,.237,,3.5,2.8,6.3,1.4
157,Justin Hamilton\hamilju01,C,26,BRK,19,423,12.3,.561,.578,.138,5.2,15.4,10.2,6.5,1.6,1.7,9.6,13.6,,0.4,0.2,0.7,.075,,-0.5,-0.2,-0.7,0.1
158,A.J. Hammons\hammoaj01,C,24,DAL,8,26,24.2,.511,.111,.444,16.4,23.6,19.7,14.0,0.0,7.1,0.0,19.4,,0.1,0.0,0.1,.216,,0.7,2.8,3.5,0.0
159,Tim Hardaway\hardati02,SG,24,ATL,21,440,15.0,.559,.500,.224,1.3,7.7,4.5,11.6,0.9,0.9,7.1,22.2,,0.6,0.4,1.0,.105,,0.9,-2.4,-1.5,0.1
160,James Harden\hardeja01,PG,27,HOU,20,743,28.2,.601,.442,.545,4.4,19.0,11.7,52.3,1.7,0.8,19.1,33.8,,3.5,0.5,4.0,.257,,9.2,0.3,9.5,2.1
161,Maurice Harkless\harklma01,SF,23,POR,21,652,15.0,.598,.367,.133,6.4,12.8,9.5,4.0,1.4,1.8,9.4,17.0,,1.1,0.2,1.3,.093,,1.3,-1.5,-0.2,0.3
162,Montrezl Harrell\harremo01,PF,23,HOU,11,145,18.1,.591,.000,.148,14.9,19.0,17.0,9.0,0.7,4.0,18.4,21.0,,0.2,0.1,0.3,.099,,-1.1,-0.3,-1.4,0.0
163,Devin Harris\harride01,PG,33,DAL,3,39,5.0,.300,.700,.000,5.5,6.3,5.8,23.6,2.7,0.0,16.7,14.4,,-0.1,0.0,0.0,-0.036,,-4.4,-0.1,-4.5,0.0
164,Gary Harris\harriga01,SG,22,DEN,5,114,13.6,.527,.283,.261,2.8,12.1,7.4,17.3,0.9,0.7,10.5,21.0,,0.1,0.1,0.2,.077,,-0.1,-1.6,-1.7,0.0
165,Joe Harris\harrijo01,SG,25,BRK,19,470,9.5,.562,.623,.130,1.1,10.5,5.7,9.1,1.4,0.3,14.2,17.1,,0.1,0.1,0.2,.019,,-1.0,-2.0,-3.0,-0.1
166,Tobias Harris\harrito02,PF,24,DET,21,693,17.2,.582,.252,.213,1.6,14.3,8.0,8.5,1.2,1.7,9.7,22.1,,1.1,0.9,2.0,.141,,1.3,1.0,2.4,0.8
167,Aaron Harrison\harriaa01,SG,22,CHO,4,15,-5.4,.102,.500,.500,0.0,14.1,7.1,17.2,0.0,0.0,0.0,14.5,,-0.1,0.0,-0.1,-0.189,,-10.3,-2.3,-12.7,0.0
168,Andrew Harrison\harrian01,SG,22,MEM,20,534,8.8,.463,.455,.480,1.3,9.6,5.3,21.5,2.5,1.8,18.1,15.6,,-0.2,0.7,0.6,.050,,-2.3,1.0,-1.3,0.1
169,Udonis Haslem\hasleud01,PF,36,MIA,6,38,2.6,.282,.125,.250,5.5,23.2,14.1,3.7,1.3,0.0,0.0,10.4,,0.0,0.1,0.0,.007,,-7.1,-0.1,-7.2,-0.1
170,Spencer Hawes\hawessp01,PF,28,CHO,19,336,15.3,.531,.217,.133,6.5,19.6,13.1,16.8,1.3,3.7,15.9,20.0,,0.1,0.5,0.6,.091,,-1.9,2.2,0.4,0.2
171,Gordon Hayward\haywago01,SF,26,UTA,15,538,22.9,.573,.294,.417,2.0,17.8,10.3,19.3,1.4,0.4,8.9,29.1,,1.6,0.7,2.2,.201,,3.8,-0.2,3.6,0.8
172,Gerald Henderson\hendege02,SG,29,PHI,19,472,12.0,.544,.255,.180,2.6,9.2,5.9,10.1,1.5,0.7,8.4,17.9,,0.4,0.2,0.6,.060,,-0.9,-1.6,-2.5,-0.1
173,John Henson\hensojo01,C,26,MIL,16,305,16.9,.561,.000,.379,9.4,23.8,16.8,8.9,1.1,7.0,13.6,16.9,,0.4,0.5,1.0,.152,,-2.0,3.2,1.2,0.2
174,Juan Hernangomez\hernaju01,PF,21,DEN,16,184,10.7,.551,.459,.568,3.4,20.2,11.8,4.6,1.6,2.1,11.5,11.9,,0.1,0.2,0.3,.086,,-2.2,1.0,-1.1,0.0
175,Willy Hernangomez\hernawi01,C,22,NYK,16,218,14.4,.614,.000,.206,10.9,22.7,16.8,8.6,1.4,2.2,27.4,20.3,,0.0,0.2,0.2,.036,,-2.9,0.1,-2.8,0.0
176,Mario Hezonja\hezonma01,SF,21,ORL,13,157,2.2,.358,.414,.129,2.0,12.4,7.1,9.6,1.3,1.0,14.9,24.8,,-0.7,0.2,-0.5,-0.143,,-8.2,-1.7,-9.9,-0.3
177,Roy Hibbert\hibbero01,C,30,CHO,15,236,15.0,.574,.000,.478,10.1,13.9,12.0,6.8,0.6,4.9,13.8,17.8,,0.3,0.3,0.6,.132,,-2.3,1.4,-1.0,0.1
178,Buddy Hield\hieldbu01,SG,23,NOP,20,320,8.0,.444,.510,.081,1.7,12.7,7.2,10.1,0.9,0.8,8.9,23.6,,-0.5,0.2,-0.3,-0.046,,-3.5,-2.5,-6.1,-0.3
179,Nene Hilario\hilarne01,C,34,HOU,16,284,14.1,.603,.036,.440,8.0,15.4,11.7,8.0,1.0,2.9,18.0,18.6,,0.4,0.2,0.5,.090,,-1.7,-0.4,-2.1,0.0
180,George Hill\hillge01,PG,30,UTA,11,360,25.3,.667,.390,.295,1.3,10.6,6.2,23.7,1.8,0.4,8.3,23.9,,1.7,0.4,2.1,.277,,7.5,-0.8,6.7,0.8
181,Jordan Hill\hilljo01,C,29,MIN,2,11,20.0,.773,.000,.667,30.0,32.9,31.4,0.0,0.0,0.0,34.0,23.3,,0.0,0.0,0.0,.154,,-2.7,-10.2,-12.9,0.0
182,Solomon Hill\hillso01,SF,25,NOP,20,521,7.6,.495,.489,.364,1.4,14.0,7.7,9.2,2.1,1.7,15.7,10.4,,-0.1,0.6,0.5,.048,,-3.0,2.5,-0.5,0.2
183,Darrun Hilliard\hillida01,SG,23,DET,11,114,8.1,.510,.412,.412,1.0,7.6,4.3,16.0,0.9,0.7,16.6,19.0,,0.0,0.1,0.1,.044,,-2.2,-1.1,-3.3,0.0
184,Jrue Holiday\holidjr01,PG,26,NOP,8,220,18.8,.555,.299,.196,1.0,10.2,5.6,39.3,1.8,1.5,15.3,27.9,,0.2,0.2,0.4,.089,,2.4,-1.4,1.1,0.2
185,Justin Holiday\holidju01,SG,27,NYK,19,359,11.2,.515,.436,.155,2.1,15.0,8.6,7.5,1.8,2.0,10.0,15.7,,0.2,0.2,0.4,.057,,-1.4,-0.2,-1.6,0.0
186,Rondae Hollis-Jefferson\holliro01,SF,22,BRK,16,389,9.4,.464,.227,.505,2.1,18.2,10.0,15.7,2.1,1.8,16.8,15.5,,-0.2,0.3,0.1,.017,,-4.2,1.4,-2.9,-0.1
187,Richaun Holmes\holmeri01,PF,23,PHI,16,246,18.1,.592,.215,.304,10.0,20.2,15.2,9.1,2.2,3.9,14.3,18.9,,0.4,0.3,0.7,.130,,-0.2,1.5,1.2,0.2
188,Rodney Hood\hoodro01,SG,24,UTA,19,595,15.8,.545,.438,.211,1.0,14.4,8.1,11.5,1.3,0.7,7.9,24.4,,0.7,0.7,1.4,.116,,1.4,-0.8,0.6,0.4
189,Al Horford\horfoal01,C,30,BOS,10,325,21.8,.605,.308,.120,4.0,17.7,10.9,23.0,0.9,6.8,9.5,18.7,,0.9,0.4,1.3,.188,,2.4,2.9,5.3,0.6
190,Danuel House\houseda01,SG,23,WAS,1,1,12.4,,,,0.0,100.0,56.3,0.0,0.0,0.0,,0.0,,0.0,0.0,0.0,.163,,-16.7,-4.6,-21.3,0.0
191,Dwight Howard\howardw01,C,31,ATL,20,578,20.7,.591,.000,.630,16.8,31.4,24.2,6.0,1.7,4.4,18.1,21.0,,0.7,1.2,2.0,.163,,-1.6,2.8,1.3,0.5
192,Marcelo Huertas\huertma01,PG,33,LAL,9,80,6.6,.275,.190,.286,1.3,11.2,6.1,40.5,1.8,1.0,22.8,16.2,,-0.2,0.0,-0.1,-0.085,,-6.5,-2.5,-9.0,-0.1
193,Kris Humphries\humphkr01,PF,31,ATL,17,198,12.8,.512,.286,.333,8.9,20.3,14.7,6.8,0.7,3.6,14.2,18.3,,0.1,0.3,0.4,.089,,-3.7,0.8,-2.9,0.0
194,R.J. Hunter\hunterj01,SG,23,CHI,3,9,-3.2,.000,1.000,.000,0.0,11.6,5.8,0.0,0.0,0.0,0.0,4.8,,0.0,0.0,0.0,-0.083,,-8.5,-2.2,-10.7,0.0
195,Serge Ibaka\ibakase01,PF,27,ORL,20,605,17.1,.561,.259,.176,6.3,17.3,11.7,4.6,0.8,4.5,9.2,21.0,,0.7,0.9,1.7,.133,,-0.7,0.9,0.2,0.3
196,Andre Iguodala\iguodan01,SF,33,GSW,20,497,11.5,.532,.500,.157,1.9,11.6,7.1,18.4,1.8,0.8,10.7,10.6,,0.7,0.5,1.2,.115,,0.3,0.2,0.5,0.3
197,Ersan Ilyasova\ilyaser01,PF,29,TOT,20,498,14.1,.570,.479,.195,3.6,20.2,12.1,9.5,0.7,0.5,10.0,20.4,,0.6,0.3,0.9,.084,,0.2,-2.2,-2.0,0.0
197,Ersan Ilyasova\ilyaser01,PF,29,OKC,3,62,7.0,.469,.750,.000,3.7,24.7,14.4,2.2,2.4,1.3,20.0,13.8,,-0.1,0.1,0.0,.016,,-5.2,0.0,-5.2,0.0
197,Ersan Ilyasova\ilyaser01,PF,29,PHI,17,436,15.1,.578,.454,.213,3.6,19.6,11.7,10.5,0.5,0.4,9.1,21.3,,0.7,0.2,0.8,.093,,1.0,-2.5,-1.5,0.1
198,Joe Ingles\inglejo01,SF,29,UTA,21,347,13.2,.622,.556,.185,0.7,11.6,6.4,15.7,2.1,0.2,12.9,13.9,,0.6,0.4,1.1,.146,,1.5,0.4,1.9,0.3
199,Brandon Ingram\ingrabr01,SF,19,LAL,22,584,8.2,.470,.293,.317,1.8,14.1,7.9,9.4,1.2,1.7,14.8,16.2,,-0.3,0.2,0.0,-0.004,,-3.4,-0.1,-3.4,-0.2
200,Kyrie Irving\irvinky01,PG,24,CLE,18,612,21.8,.582,.315,.211,2.6,7.4,5.1,24.9,1.0,0.5,10.0,29.9,,1.8,0.3,2.1,.164,,4.5,-2.8,1.7,0.6
201,Demetrius Jackson\jacksde01,PG,22,BOS,3,15,33.3,.753,.250,1.500,14.5,7.2,10.9,22.1,0.0,0.0,0.0,19.8,,0.1,0.0,0.1,.387,,10.9,-4.1,6.7,0.0
202,LeBron James\jamesle01,SF,32,CLE,17,617,24.0,.579,.253,.379,3.1,19.5,11.6,44.6,1.4,0.9,17.2,29.1,,1.8,0.6,2.4,.190,,5.0,1.1,6.1,1.3
203,Al Jefferson\jeffeal01,C,32,IND,19,294,14.3,.487,.007,.095,7.9,21.8,14.9,10.9,0.5,1.7,7.2,22.9,,0.1,0.3,0.4,.062,,-3.0,-1.6,-4.6,-0.2
204,Richard Jefferson\jefferi01,SF,36,CLE,18,336,8.3,.559,.580,.203,1.7,12.9,7.5,6.2,0.9,0.5,9.6,10.8,,0.3,0.2,0.5,.069,,-1.2,-0.4,-1.6,0.0
205,John Jenkins\jenkijo01,SG,25,PHO,3,10,10.0,.410,.250,.500,0.0,11.2,5.4,14.2,0.0,0.0,0.0,20.4,,0.0,0.0,0.0,.016,,-4.0,-4.7,-8.8,0.0
206,Brandon Jennings\jennibr01,PG,27,NYK,19,408,13.3,.471,.500,.200,2.6,11.6,7.1,33.1,2.6,0.0,18.7,17.0,,0.3,0.2,0.5,.057,,0.1,-1.4,-1.3,0.1
207,Jonas Jerebko\jerebjo01,PF,29,BOS,20,345,11.6,.604,.385,.115,4.7,18.3,11.5,5.5,1.7,1.2,12.8,12.2,,0.4,0.3,0.7,.099,,-1.5,0.1,-1.4,0.1
208,Amir Johnson\johnsam01,PF,29,BOS,20,405,15.3,.616,.168,.253,8.3,13.1,10.7,14.2,1.5,2.6,14.6,13.6,,0.9,0.4,1.2,.147,,0.5,1.2,1.7,0.4
209,James Johnson\johnsja01,PF,29,MIA,20,488,15.0,.574,.396,.273,3.9,16.9,10.2,12.2,1.6,3.2,16.5,18.8,,0.4,0.7,1.1,.109,,-0.2,2.0,1.8,0.5
210,Joe Johnson\johnsjo02,SF,35,UTA,21,513,14.6,.576,.389,.127,2.1,13.4,8.0,14.3,1.0,0.3,9.3,17.0,,0.9,0.5,1.4,.132,,1.3,-0.2,1.1,0.4
211,Stanley Johnson\johnsst04,SF,20,DET,18,257,9.6,.496,.377,.279,2.6,14.7,8.7,8.6,1.4,2.2,11.6,13.5,,0.0,0.4,0.4,.079,,-2.2,2.4,0.2,0.1
212,Tyler Johnson\johnsty01,SG,24,MIA,19,567,15.3,.510,.293,.348,2.4,15.2,8.6,16.9,2.0,1.4,8.8,19.7,,0.6,0.7,1.4,.117,,0.3,1.2,1.5,0.5
213,Wesley Johnson\johnswe01,SF,29,LAC,15,190,7.5,.426,.600,.020,4.8,22.4,13.8,3.7,1.3,4.2,9.0,13.0,,-0.1,0.4,0.3,.067,,-3.6,2.5,-1.1,0.0
214,Nikola Jokic\jokicni01,PF,21,DEN,18,423,16.7,.566,.165,.278,8.2,22.0,15.1,18.7,1.4,1.4,13.9,17.1,,0.8,0.4,1.2,.141,,1.3,1.9,3.2,0.6
215,Derrick Jones\jonesde02,SF,19,PHO,1,3,0.0,,,,0.0,0.0,0.0,0.0,0.0,0.0,,0.0,,0.0,0.0,0.0,-0.016,,-5.9,0.0,-5.9,0.0
216,James Jones\jonesja02,SF,36,CLE,10,50,20.8,.882,.733,.133,2.3,4.2,3.3,6.3,1.0,3.1,15.9,16.4,,0.2,0.0,0.2,.202,,5.3,-1.8,3.5,0.1
217,Terrence Jones\joneste01,PF,25,NOP,19,465,15.7,.516,.226,.321,4.4,20.5,12.4,8.3,1.9,3.5,9.0,20.2,,0.2,0.7,0.8,.086,,-2.3,1.8,-0.5,0.2
218,Tyus Jones\jonesty01,PG,20,MIN,14,202,16.3,.595,.488,.349,2.7,11.3,6.8,29.8,3.2,0.0,19.5,13.3,,0.4,0.2,0.6,.143,,1.6,-1.4,0.2,0.1
219,DeAndre Jordan\jordade01,C,28,LAC,21,662,17.9,.618,.007,.715,11.8,33.0,22.6,3.2,0.8,4.3,14.8,15.0,,1.2,1.4,2.7,.193,,-1.3,2.8,1.5,0.6
220,Cory Joseph\josepco01,SG,25,TOR,20,429,13.9,.518,.197,.252,2.7,11.5,7.2,16.2,1.9,0.4,10.9,19.1,,0.5,0.3,0.9,.095,,0.0,-0.7,-0.7,0.1
221,Frank Kaminsky\kaminfr01,C,23,CHO,18,478,13.0,.496,.423,.160,3.2,15.7,9.5,17.6,0.9,1.2,9.6,21.4,,0.1,0.5,0.6,.063,,-0.6,-0.4,-1.0,0.1
222,Enes Kanter\kanteen01,C,24,OKC,20,380,24.4,.615,.082,.301,11.7,22.7,17.3,5.2,1.0,3.3,11.1,26.2,,1.1,0.6,1.6,.208,,0.5,-1.5,-1.0,0.1
223,Ryan Kelly\kellyry01,PF,25,ATL,8,39,12.6,.444,.429,.286,0.0,25.1,12.6,13.8,3.7,4.0,11.3,9.8,,0.0,0.1,0.1,.125,,-4.7,5.6,1.0,0.0
224,Michael Kidd-Gilchrist\kiddgmi01,SF,23,CHO,19,589,13.1,.537,.021,.528,5.7,18.2,12.0,6.4,1.3,2.7,8.9,14.5,,0.6,0.8,1.5,.122,,-2.5,2.1,-0.3,0.2
225,Sean Kilpatrick\kilpase01,SG,27,BRK,19,517,14.7,.540,.385,.373,1.6,16.6,9.0,16.7,1.3,0.5,15.2,27.5,,0.1,0.2,0.3,.025,,-1.0,-2.2,-3.2,-0.2
226,Brandon Knight\knighbr03,SG,25,PHO,20,496,11.7,.488,.282,.290,2.1,10.0,5.9,18.1,1.1,0.0,14.4,26.4,,-0.2,0.1,0.0,-0.005,,-2.0,-2.9,-4.9,-0.4
227,Kyle Korver\korveky01,SG,35,ATL,19,525,9.0,.580,.617,.098,0.2,9.1,4.7,10.3,1.6,1.1,18.3,13.9,,0.1,0.6,0.6,.058,,-1.8,0.6,-1.1,0.1
228,Kosta Koufos\koufoko01,C,27,SAC,19,372,10.8,.523,.011,.191,10.3,24.0,17.2,4.6,1.0,2.2,17.9,14.1,,0.0,0.3,0.4,.050,,-3.7,0.3,-3.4,-0.1
229,Mindaugas Kuzminskas\kuzmimi01,SF,27,NYK,16,190,14.1,.541,.469,.156,6.2,8.5,7.4,10.8,1.8,0.0,6.8,16.7,,0.4,0.0,0.4,.102,,1.7,-2.3,-0.6,0.1
230,Skal Labissiere\labissk01,PF,20,SAC,1,15,24.8,.633,.000,.600,23.2,0.0,11.6,0.0,0.0,0.0,0.0,18.8,,0.1,0.0,0.1,.238,,3.8,-8.2,-4.5,0.0
231,Jeremy Lamb\lambje01,SG,24,CHO,9,150,18.7,.547,.309,.294,5.1,32.5,18.9,9.4,1.0,2.2,10.5,25.5,,0.1,0.3,0.4,.118,,-2.1,-0.5,-2.6,0.0
232,Nicolas Laprovittola\laproni01,PG,27,SAS,11,122,7.9,.556,.594,.219,1.0,7.6,4.3,18.5,1.3,0.0,23.9,17.4,,0.0,0.1,0.1,.023,,-1.6,-2.6,-4.2,-0.1
233,Joffrey Lauvergne\lauvejo01,C,25,OKC,18,266,14.1,.560,.409,.148,6.4,20.6,13.6,8.4,1.6,1.2,10.5,16.8,,0.3,0.4,0.7,.126,,-0.6,-0.2,-0.8,0.1
234,Zach LaVine\lavinza01,SG,21,MIN,19,706,15.7,.573,.424,.195,1.2,8.7,4.8,12.2,1.3,0.5,8.9,22.2,,1.3,0.2,1.5,.102,,2.8,-2.9,-0.2,0.3
235,Ty Lawson\lawsoty01,PG,29,SAC,19,511,12.3,.497,.283,.268,4.1,9.1,6.6,26.6,2.2,0.4,18.4,15.2,,0.3,0.3,0.7,.061,,-0.5,-0.5,-1.0,0.1
236,Jake Layman\laymaja01,SF,22,POR,12,84,15.9,.614,.719,.156,0.0,13.2,6.6,11.0,2.9,0.9,10.5,19.8,,0.1,0.1,0.2,.110,,2.2,-2.2,0.0,0.0
237,Courtney Lee\leeco01,SG,31,NYK,18,534,10.4,.533,.348,.077,1.6,8.7,5.1,8.9,1.6,0.8,9.1,14.3,,0.4,0.1,0.6,.051,,-0.4,-0.8,-1.2,0.1
238,David Lee\leeda02,PF,33,SAS,20,342,19.4,.600,.000,.379,11.2,22.6,16.9,14.2,1.4,2.4,12.6,17.1,,0.9,0.5,1.4,.191,,1.5,1.9,3.4,0.5
239,Alex Len\lenal01,C,23,PHO,20,470,14.8,.544,.016,.512,9.8,28.2,18.6,5.1,1.1,5.0,16.4,16.8,,0.3,0.6,0.9,.094,,-3.4,2.0,-1.4,0.1
240,Kawhi Leonard\leonaka01,SF,25,SAS,20,678,26.6,.589,.289,.413,3.9,16.5,10.2,16.1,3.2,1.1,8.2,30.6,,2.3,1.0,3.3,.235,,5.7,0.4,6.1,1.4
241,Meyers Leonard\leoname01,PF,24,POR,19,304,9.4,.498,.587,.092,2.9,21.2,12.0,8.6,0.3,1.5,9.6,18.0,,0.1,0.1,0.1,.019,,-1.9,-2.6,-4.5,-0.2
242,Jon Leuer\leuerjo01,PF,27,DET,21,566,15.9,.582,.317,.167,6.8,21.0,13.9,7.7,0.7,1.4,10.2,17.1,,1.0,0.8,1.8,.154,,1.1,1.4,2.5,0.7
243,DeAndre Liggins\liggide01,SG,28,CLE,10,81,8.6,.553,.000,.467,4.2,13.0,8.8,11.9,2.4,1.0,27.9,13.5,,0.0,0.1,0.1,.046,,-4.2,1.5,-2.7,0.0
244,Damian Lillard\lillada01,PG,26,POR,21,748,25.0,.605,.361,.438,1.9,13.2,7.5,26.9,1.3,0.4,11.4,31.7,,2.8,0.1,2.9,.185,,6.7,-3.0,3.8,1.1
245,Jeremy Lin\linje01,PG,28,BRK,5,134,21.8,.554,.328,.379,1.5,13.6,7.5,39.9,2.5,1.8,15.1,25.2,,0.3,0.1,0.4,.129,,2.3,-0.8,1.5,0.1
246,Shaun Livingston\livinsh01,PG,31,GSW,20,349,9.3,.550,.014,.247,4.1,9.4,6.9,12.8,1.1,0.4,14.7,11.7,,0.3,0.2,0.6,.079,,-1.8,-0.7,-2.5,0.0
247,Kevon Looney\looneke01,PF,20,GSW,17,139,20.2,.707,.061,.455,11.1,21.4,16.6,9.8,1.0,4.4,7.0,13.2,,0.5,0.2,0.7,.253,,2.4,1.4,3.8,0.2
248,Brook Lopez\lopezbr01,C,28,BRK,17,475,21.8,.570,.394,.290,6.1,13.5,9.8,14.0,1.1,4.4,11.0,29.3,,0.8,0.3,1.1,.113,,2.6,-0.9,1.7,0.4
249,Robin Lopez\lopezro01,C,28,CHI,19,529,15.8,.475,.005,.109,14.6,14.0,14.3,4.1,0.3,5.1,7.4,17.6,,0.6,0.6,1.2,.111,,-1.5,0.6,-0.9,0.1
250,Kevin Love\loveke01,PF,28,CLE,18,573,23.8,.603,.398,.432,8.9,26.2,17.8,8.4,1.5,1.2,10.3,26.6,,1.9,0.7,2.6,.218,,3.3,-0.9,2.4,0.6
251,Kyle Lowry\lowryky01,PG,30,TOR,20,745,21.4,.587,.452,.315,3.2,12.2,7.8,29.9,2.1,0.8,14.7,24.4,,2.3,0.7,3.0,.192,,5.9,-0.3,5.6,1.4
252,John Lucas III\lucasjo02,PG,34,MIN,5,11,9.3,.250,.250,.000,0.0,0.0,0.0,13.1,9.1,0.0,0.0,15.9,,0.0,0.0,0.0,-0.026,,-5.5,0.2,-5.3,0.0
253,Timothe Luwawu-Cabarrot\luwawti01,SF,21,PHI,13,81,8.2,.448,.292,.583,1.4,16.0,8.8,7.6,1.2,2.0,9.0,18.2,,-0.1,0.1,0.0,.000,,-5.5,-1.5,-7.0,-0.1
254,Trey Lyles\lylestr01,PF,21,UTA,21,484,13.4,.522,.442,.144,4.5,17.1,11.1,9.3,1.0,1.3,11.5,21.5,,0.2,0.6,0.8,.080,,-0.6,-0.2,-0.8,0.1
255,Shelvin Mack\macksh01,PG,26,UTA,21,421,10.6,.486,.261,.134,1.4,9.0,5.4,22.2,2.5,0.0,18.4,20.9,,-0.3,0.5,0.2,.027,,-2.4,-0.1,-2.5,-0.1
256,Ian Mahinmi\mahinia01,C,30,WAS,1,14,-4.9,.266,.000,2.000,0.0,8.2,4.0,0.0,3.6,6.0,51.5,12.1,,-0.1,0.0,-0.1,-0.183,,-12.9,4.3,-8.6,0.0
257,Thon Maker\makerth01,PF,19,MIL,6,19,27.8,.666,.500,.500,11.7,33.8,22.9,0.0,0.0,4.7,0.0,22.6,,0.1,0.0,0.1,.331,,2.2,-7.8,-5.7,0.0
258,Boban Marjanovic\marjabo01,C,28,DET,9,46,12.1,.369,.000,.292,14.3,25.8,20.1,0.0,1.1,5.3,3.6,27.4,,-0.1,0.1,0.0,.023,,-9.7,-4.1,-13.7,-0.1
259,Jarell Martin\martija01,PF,22,MEM,20,297,6.9,.457,.184,.356,6.5,25.8,15.8,1.1,1.2,2.2,15.9,18.4,,-0.4,0.4,0.1,.011,,-7.5,-1.5,-9.0,-0.5
260,Wesley Matthews\matthwe02,SG,30,DAL,18,652,11.0,.521,.618,.210,1.1,9.2,4.9,10.5,1.8,0.4,11.6,21.1,,0.0,0.5,0.6,.041,,-0.2,-0.4,-0.6,0.2
261,Luc Mbah a Moute\mbahalu01,PF,30,LAC,21,492,11.1,.596,.380,.380,3.7,7.5,5.7,1.7,3.0,1.6,12.3,11.1,,0.4,0.8,1.2,.118,,-0.1,2.8,2.8,0.6
262,James Michael McAdoo\mcadoja01,PF,24,GSW,8,50,9.6,.437,.071,.143,2.4,10.3,6.6,7.7,1.0,3.1,0.0,12.8,,0.0,0.0,0.1,.055,,-4.1,-0.3,-4.4,0.0
263,Patrick McCaw\mccawpa01,SG,21,GSW,15,199,7.8,.515,.535,.140,1.8,5.7,3.9,9.9,1.4,2.3,11.6,11.2,,0.1,0.2,0.2,.058,,-1.6,-0.5,-2.1,0.0
264,Sheldon McClellan\mcclesh01,SG,24,WAS,7,78,13.7,.532,.370,.259,2.8,4.4,3.6,5.9,2.6,0.0,3.2,17.4,,0.1,0.0,0.2,.105,,0.1,-2.5,-2.4,0.0
265,C.J. McCollum\mccolcj01,SG,25,POR,21,725,19.8,.575,.329,.198,2.9,9.5,6.2,18.0,1.7,1.3,9.9,26.7,,1.6,0.1,1.7,.115,,3.4,-2.4,1.1,0.6
266,T.J. McConnell\mccontj01,PG,24,PHI,20,363,11.9,.456,.155,.183,2.5,10.4,6.5,34.0,3.6,0.4,24.6,12.5,,0.1,0.4,0.4,.058,,-3.0,0.0,-3.1,-0.1
267,Chris McCullough\mcculch01,PF,21,BRK,9,49,16.4,.491,.167,.042,17.0,13.1,15.1,3.7,0.0,3.2,7.6,22.9,,0.0,0.0,0.0,.047,,-2.4,-4.1,-6.5,-0.1
268,K.J. McDaniels\mcdankj01,SF,23,HOU,13,156,12.5,.596,.435,.130,2.2,10.3,6.2,1.9,1.3,4.2,9.3,14.8,,0.2,0.1,0.3,.084,,-1.4,-0.9,-2.3,0.0
269,Doug McDermott\mcderdo01,SF,25,CHI,9,213,14.7,.604,.306,.208,0.5,11.3,5.9,8.9,0.7,0.4,7.1,17.0,,0.5,0.2,0.6,.143,,0.6,-2.1,-1.5,0.0
270,JaVale McGee\mcgeeja01,C,29,GSW,16,112,19.0,.636,.000,.568,11.7,17.4,14.7,5.6,0.9,6.9,20.3,26.5,,0.1,0.2,0.2,.101,,-3.0,0.1,-2.9,0.0
271,Rodney McGruder\mcgruro01,SG,25,MIA,19,452,9.8,.536,.481,.192,6.3,8.5,7.4,5.6,1.5,0.9,12.4,12.7,,0.3,0.4,0.7,.078,,-0.5,0.5,0.0,0.2
272,Ben McLemore\mclembe01,SG,23,SAC,15,233,9.7,.527,.318,.165,1.5,8.5,5.0,7.1,0.9,0.8,11.6,19.8,,0.0,0.1,0.1,.010,,-2.6,-2.9,-5.5,-0.2
273,Jordan McRae\mcraejo01,SG,25,CLE,11,116,4.9,.365,.241,.093,2.9,10.0,6.6,9.0,1.3,0.7,5.1,22.2,,-0.2,0.1,-0.2,-0.064,,-6.4,-2.4,-8.8,-0.2
274,Josh McRoberts\mcrobjo01,PF,29,MIA,11,163,9.4,.358,.164,.091,5.8,19.6,12.5,19.6,2.2,1.4,12.3,17.8,,-0.2,0.2,0.0,.006,,-4.4,2.1,-2.3,0.0
275,Jodie Meeks\meeksjo01,SG,29,ORL,1,17,23.7,.644,.500,.667,0.0,6.3,3.1,0.0,9.0,0.0,11.4,23.1,,0.0,0.0,0.1,.264,,1.9,1.9,3.8,0.0
276,Salah Mejri\mejrisa01,C,30,DAL,15,166,14.6,.610,.071,.321,9.6,30.3,19.2,4.0,2.2,6.1,18.0,11.0,,0.2,0.3,0.5,.152,,-4.4,4.9,0.5,0.1
277,Jordan Mickey\mickejo01,PF,22,BOS,8,66,6.7,.469,.000,.294,8.2,14.8,11.5,6.7,0.8,0.0,17.2,15.7,,0.0,0.0,0.0,-0.005,,-5.6,-1.9,-7.5,-0.1
278,C.J. Miles\milescj01,SF,29,IND,13,297,20.5,.644,.508,.172,1.9,11.4,6.6,5.5,2.1,2.6,4.4,20.2,,0.9,0.3,1.2,.189,,3.8,-1.3,2.5,0.3
279,Mike Miller\millemi01,SF,36,DEN,4,17,27.6,1.125,1.000,.000,0.0,24.9,12.4,38.2,0.0,0.0,20.0,12.3,,0.1,0.0,0.1,.354,,9.2,-3.1,6.1,0.0
280,Patrick Mills\millspa02,PG,28,SAS,20,473,19.4,.678,.571,.199,2.2,8.0,5.1,25.2,1.3,0.0,13.7,19.2,,1.6,0.3,1.9,.192,,5.9,-2.6,3.3,0.6
281,Paul Millsap\millspa01,PF,31,ATL,18,584,17.0,.516,.225,.285,5.7,21.6,13.7,17.7,2.3,2.0,13.0,23.8,,0.3,1.0,1.4,.113,,-0.7,2.7,2.1,0.6
282,Nikola Mirotic\mirotni01,PF,25,CHI,19,424,12.3,.491,.605,.279,3.0,23.4,13.2,7.3,1.4,2.4,11.8,18.9,,0.0,0.7,0.7,.081,,-1.7,0.2,-1.5,0.1
283,Greg Monroe\monrogr01,C,26,MIL,17,313,23.2,.560,.000,.377,12.7,26.0,19.5,18.7,3.6,2.8,15.8,22.2,,0.6,0.7,1.3,.204,,1.2,3.7,4.9,0.5
284,E'Twaun Moore\mooreet01,SG,27,NOP,19,507,12.8,.519,.284,.108,1.9,7.4,4.6,18.7,1.4,1.1,10.6,20.0,,0.2,0.4,0.5,.050,,-0.8,-1.1,-2.0,0.0
285,Marcus Morris\morrima03,SF,27,DET,21,671,13.4,.505,.318,.116,2.9,10.6,6.8,10.1,1.3,1.0,7.0,21.0,,0.4,0.8,1.2,.087,,0.4,0.6,1.0,0.5
286,Markieff Morris\morrima02,PF,27,WAS,18,568,11.0,.494,.198,.295,4.5,15.9,10.1,7.5,1.8,1.8,14.9,21.1,,-0.2,0.5,0.3,.024,,-3.1,0.0,-3.1,-0.2
287,Anthony Morrow\morroan01,SG,31,OKC,14,179,12.9,.554,.457,.129,1.3,2.4,1.9,8.5,0.8,0.9,5.1,18.6,,0.3,0.1,0.4,.102,,-0.3,-3.9,-4.1,-0.1
288,Timofey Mozgov\mozgoti01,C,30,LAL,21,449,14.6,.611,.008,.276,10.2,13.9,12.0,7.8,0.5,2.2,16.9,16.2,,0.7,0.1,0.9,.094,,-0.2,-0.5,-0.7,0.1
289,Emmanuel Mudiay\mudiaem01,PG,20,DEN,20,624,10.2,.459,.297,.312,2.4,13.2,7.8,20.8,1.5,0.8,17.0,24.4,,-0.6,0.4,-0.2,-0.014,,-2.4,-0.2,-2.6,-0.1
290,Shabazz Muhammad\muhamsh01,SF,24,MIN,17,275,12.9,.543,.216,.381,5.6,11.0,8.2,4.1,0.7,0.3,8.9,19.7,,0.4,0.0,0.4,.071,,-1.3,-4.1,-5.3,-0.2
291,Dejounte Murray\murrade01,PG,20,SAS,11,46,-1.7,.400,.286,.571,0.0,15.0,7.6,25.4,0.0,0.0,31.3,25.6,,-0.2,0.0,-0.2,-0.200,,-9.8,-3.1,-12.8,-0.1
292,Jamal Murray\murraja01,SG,19,DEN,20,434,10.3,.501,.471,.190,2.7,11.2,6.9,14.4,0.9,1.0,14.1,21.1,,0.0,0.2,0.2,.027,,-0.9,-1.3,-2.2,0.0
293,Mike Muscala\muscami01,C,25,ATL,21,463,15.8,.632,.292,.231,6.7,13.6,10.2,10.4,1.4,2.4,14.4,15.6,,0.8,0.6,1.4,.148,,0.4,1.6,1.9,0.5
294,Larry Nance Jr.\nancela02,PF,24,LAL,20,441,17.4,.619,.079,.175,7.0,21.8,14.2,8.6,2.6,1.5,8.9,12.9,,1.0,0.5,1.4,.155,,0.9,1.8,2.7,0.5
295,Shabazz Napier\napiesh01,PG,25,POR,13,79,16.1,.510,.767,.400,0.0,11.2,5.6,23.9,4.9,0.0,12.4,22.2,,0.1,0.1,0.1,.083,,2.0,-1.6,0.4,0.0
296,Maurice Ndour\ndourma01,PF,24,NYK,10,81,10.1,.531,.105,.316,5.3,16.0,10.6,0.0,1.8,2.0,8.5,12.6,,0.1,0.1,0.1,.071,,-4.4,-2.7,-7.0,-0.1
297,Jameer Nelson\nelsoja01,PG,34,DEN,20,525,10.9,.571,.453,.099,1.2,9.5,5.3,25.8,0.7,0.3,19.6,16.6,,0.5,0.2,0.7,.063,,0.3,-1.9,-1.6,0.0
298,Raul Neto\netora01,PG,24,UTA,8,25,15.1,.770,.375,.125,0.0,8.7,4.6,14.4,0.0,0.0,26.2,21.9,,0.0,0.0,0.1,.102,,0.1,-3.5,-3.4,0.0
299,Georges Niang\niangge01,PF,23,IND,13,72,-4.4,.197,.370,.074,3.1,16.6,9.9,9.1,0.7,0.0,12.5,19.4,,-0.4,0.0,-0.4,-0.239,,-11.2,-2.8,-14.1,-0.2
300,Andrew Nicholson\nichoan01,PF,27,WAS,12,126,9.7,.462,.188,.188,5.3,12.7,8.9,2.5,2.4,2.7,8.8,19.7,,-0.1,0.1,0.1,.024,,-4.4,-1.0,-5.4,-0.1
301,Joakim Noah\noahjo01,C,31,NYK,15,337,15.0,.446,.017,.362,14.7,24.0,19.3,18.7,1.8,3.3,20.2,10.8,,0.3,0.4,0.7,.102,,-0.4,3.8,3.4,0.5
302,Lucas Nogueira\noguelu01,C,24,TOR,14,264,19.4,.786,.000,.500,9.1,15.8,12.5,5.2,3.3,8.6,17.0,9.0,,0.7,0.5,1.2,.227,,2.6,6.8,9.4,0.8
303,Steve Novak\novakst01,PF,33,MIL,2,5,-13.8,.000,1.000,.000,0.0,21.4,10.9,0.0,0.0,0.0,0.0,17.6,,0.0,0.0,0.0,-0.384,,-15.5,-7.5,-23.0,0.0
304,Dirk Nowitzki\nowitdi01,PF,38,DAL,5,131,11.8,.435,.328,.104,1.6,28.1,13.9,10.3,1.2,2.1,6.7,26.8,,-0.2,0.2,0.0,-0.010,,-5.1,-0.3,-5.4,-0.1
305,Jusuf Nurkic\nurkiju01,C,22,DEN,20,430,15.7,.509,.000,.341,12.8,23.7,18.2,11.6,1.5,3.5,19.6,22.8,,-0.2,0.5,0.4,.042,,-2.6,2.4,-0.3,0.2
306,Kyle O'Quinn\oquinky01,PF,26,NYK,19,263,18.7,.586,.039,.247,13.1,20.5,16.8,10.9,0.9,6.4,16.6,16.8,,0.5,0.3,0.7,.137,,-0.1,2.5,2.3,0.3
307,Daniel Ochefu\ochefda01,C,23,WAS,3,8,-6.0,.333,.000,.000,0.0,42.9,21.1,0.0,0.0,0.0,25.0,21.8,,0.0,0.0,0.0,-0.223,,-18.6,-7.1,-25.7,0.0
308,Jahlil Okafor\okafoja01,C,21,PHI,19,420,15.3,.528,.000,.260,6.9,14.7,10.9,8.2,0.8,4.2,11.0,24.0,,0.1,0.3,0.4,.042,,-3.1,-0.5,-3.6,-0.2
309,Victor Oladipo\oladivi01,SG,24,OKC,20,703,15.1,.560,.384,.149,1.9,11.5,6.8,13.1,1.4,0.8,10.2,20.8,,1.0,0.7,1.6,.111,,0.9,-0.9,0.1,0.4
310,Kelly Olynyk\olynyke01,C,25,BOS,14,306,12.0,.600,.478,.196,3.2,16.3,9.8,11.4,1.1,0.8,16.0,17.4,,0.3,0.2,0.5,.083,,-0.5,-1.1,-1.6,0.0
311,Arinze Onuaku\onuakar01,C,29,ORL,3,12,8.7,1.000,.000,.000,0.0,9.0,4.4,0.0,0.0,6.5,0.0,3.7,,0.0,0.0,0.0,.140,,-3.9,1.5,-2.4,0.0
312,Kelly Oubre\oubreke01,SF,21,WAS,17,256,10.0,.531,.426,.309,4.3,15.2,9.7,6.2,1.6,0.3,11.5,14.9,,0.2,0.2,0.4,.068,,-1.6,-1.2,-2.8,-0.1
313,Zaza Pachulia\pachuza01,C,32,GSW,20,341,15.0,.572,.000,.348,12.9,22.9,18.2,16.2,2.2,2.0,26.0,13.6,,0.5,0.6,1.1,.151,,-0.5,2.9,2.4,0.4
314,Georgios Papagiannis\papagge01,C,19,SAC,1,6,-1.8,1.000,.000,.000,0.0,19.3,9.7,0.0,0.0,0.0,50.0,14.9,,0.0,0.0,0.0,-0.072,,-7.7,-4.7,-12.3,0.0
315,Jabari Parker\parkeja01,SF,21,MIL,18,585,18.1,.534,.189,.264,5.7,13.9,9.9,11.4,1.8,0.6,7.7,25.4,,0.9,0.6,1.5,.122,,1.0,-1.5,-0.6,0.2
316,Tony Parker\parketo01,PG,34,SAS,13,342,12.0,.513,.118,.264,1.0,7.4,4.2,25.9,1.1,0.2,14.6,19.4,,0.3,0.2,0.5,.064,,-1.3,-2.4,-3.6,-0.1
317,Chandler Parsons\parsoch01,SF,28,MEM,6,126,8.0,.473,.457,.130,1.8,15.5,8.4,6.9,0.8,1.5,14.1,20.5,,-0.2,0.1,0.0,-0.017,,-4.5,-1.5,-6.0,-0.1
318,Patrick Patterson\pattepa01,PF,27,TOR,20,576,11.6,.527,.662,.154,4.0,18.4,11.2,8.1,1.8,1.4,7.6,12.2,,0.7,0.6,1.4,.113,,1.6,1.2,2.8,0.7
319,Chris Paul\paulch01,PG,31,LAC,21,658,28.3,.608,.418,.384,3.0,15.8,9.5,46.6,4.2,0.6,13.3,24.1,,3.0,1.4,4.4,.322,,8.9,3.1,12.0,2.3
320,Adreian Payne\paynead01,PF,25,MIN,7,66,23.7,.638,.286,.464,8.3,16.4,12.2,8.1,3.0,5.2,12.9,25.6,,0.2,0.1,0.3,.215,,2.8,0.3,3.1,0.1
321,Elfrid Payton\paytoel01,PG,22,ORL,20,582,13.5,.465,.217,.222,2.4,11.8,7.1,30.8,2.3,1.7,15.2,19.7,,-0.1,0.9,0.8,.063,,-1.6,1.4,-0.2,0.3
322,Paul Pierce\piercpa01,SF,39,LAC,5,70,7.4,.636,.765,.353,0.0,10.9,5.6,4.1,0.7,1.2,13.3,14.4,,0.1,0.1,0.2,.117,,-0.1,-0.8,-0.9,0.0
323,Marshall Plumlee\plumlma02,C,24,NYK,2,25,11.7,.862,.000,3.000,4.3,21.6,12.9,5.1,2.0,0.0,0.0,4.0,,0.1,0.0,0.1,.159,,-0.4,0.2,-0.2,0.0
324,Mason Plumlee\plumlma01,C,26,POR,21,577,18.2,.560,.012,.368,8.0,21.0,14.4,25.1,1.3,2.6,14.8,16.8,,1.2,0.3,1.6,.130,,1.0,1.4,2.5,0.6
325,Miles Plumlee\plumlmi01,C,28,MIL,17,198,9.7,.536,.000,.556,9.5,11.3,10.4,10.5,2.3,2.2,23.8,13.0,,0.1,0.3,0.3,.079,,-2.5,1.5,-0.9,0.1
326,Jakob Poeltl\poeltja01,C,21,TOR,11,145,11.8,.490,.000,.448,15.8,16.3,16.1,3.7,1.7,3.0,10.3,11.9,,0.2,0.2,0.4,.133,,-0.3,1.0,0.7,0.1
327,Otto Porter\porteot01,SF,23,WAS,18,624,19.2,.607,.320,.143,7.1,20.1,13.5,7.1,2.8,1.2,6.5,16.1,,1.6,0.8,2.4,.182,,2.9,1.2,4.2,1.0
328,Bobby Portis\portibo01,PF,21,CHI,17,202,13.9,.540,.148,.246,12.9,16.0,14.5,8.3,0.2,1.2,11.7,16.2,,0.3,0.2,0.5,.125,,-0.2,-1.4,-1.6,0.0
329,Kristaps Porzingis\porzikr01,PF,21,NYK,19,650,20.6,.587,.362,.272,5.8,16.4,11.1,6.9,1.0,3.7,7.7,24.3,,1.7,0.4,2.1,.158,,3.3,-1.1,2.2,0.7
330,Dwight Powell\poweldw01,C,25,DAL,19,376,16.3,.512,.058,.308,7.4,21.2,13.8,5.5,3.8,2.9,7.8,15.9,,0.3,0.7,1.1,.135,,-2.9,4.1,1.2,0.3
331,Norman Powell\powelno01,SG,23,TOR,16,237,15.8,.619,.438,.370,1.0,14.3,7.7,12.2,1.7,0.7,9.6,17.7,,0.6,0.2,0.8,.165,,2.4,-1.1,1.2,0.2
332,Tim Quarterman\quartti01,SG,22,POR,7,21,44.7,1.143,.286,.000,10.4,5.3,7.9,28.9,0.0,7.5,0.0,14.5,,0.2,0.0,0.2,.491,,16.7,-1.3,15.4,0.1
333,Julius Randle\randlju01,PF,22,LAL,19,519,16.0,.556,.076,.368,7.0,28.2,17.4,20.4,1.2,1.6,21.0,22.2,,0.3,0.4,0.7,.067,,-1.1,1.4,0.3,0.3
334,Zach Randolph\randoza01,PF,35,MEM,15,334,20.2,.517,.079,.189,9.2,33.2,20.7,10.1,1.1,0.6,8.9,30.9,,0.2,0.5,0.7,.101,,-1.9,-1.8,-3.6,-0.1
335,J.J. Redick\redicjj01,SG,32,LAC,20,534,17.1,.644,.486,.243,0.4,7.6,4.1,6.9,1.5,0.5,12.3,23.0,,1.0,0.6,1.6,.148,,2.8,-1.4,1.5,0.5
336,Willie Reed\reedwi02,PF,26,MIA,13,159,14.8,.612,.000,.485,12.5,15.9,14.2,4.9,0.3,1.5,9.1,12.3,,0.4,0.1,0.5,.153,,-0.5,-0.4,-0.8,0.0
337,Josh Richardson\richajo01,SG,23,MIA,13,365,10.6,.497,.504,.095,2.3,9.7,5.9,10.1,1.5,1.5,10.1,19.4,,0.0,0.4,0.4,.052,,-0.6,-0.3,-0.9,0.1
338,Malachi Richardson\richama01,SG,21,SAC,2,8,-0.7,.375,.750,.000,0.0,0.0,0.0,0.0,0.0,0.0,0.0,22.4,,0.0,0.0,0.0,-0.121,,-4.5,-8.0,-12.4,0.0
339,Austin Rivers\riverau01,SG,24,LAC,21,470,9.1,.491,.353,.222,0.7,7.7,4.3,13.7,1.5,0.7,11.1,18.0,,0.0,0.6,0.6,.057,,-1.7,-0.1,-1.9,0.0
340,Andre Roberson\roberan03,SF,25,OKC,20,605,9.9,.507,.421,.198,3.8,12.8,8.4,5.2,2.1,2.7,7.4,10.4,,0.3,0.8,1.1,.090,,-1.5,2.5,1.0,0.4
341,Brian Roberts\roberbr01,PG,31,CHO,5,21,9.0,.363,.286,.857,5.2,15.1,10.2,13.1,0.0,0.0,0.0,20.5,,0.0,0.0,0.0,.015,,-4.8,-3.2,-8.0,0.0
342,Glenn Robinson\robingl02,SF,23,IND,17,336,11.6,.542,.356,.198,3.6,13.9,8.8,4.8,1.2,1.0,7.6,15.5,,0.3,0.2,0.5,.073,,-1.4,-1.5,-3.0,-0.1
343,Thomas Robinson\robinth01,PF,25,LAL,13,106,10.3,.367,.000,.324,18.2,24.2,21.1,4.1,1.4,1.5,8.6,18.5,,-0.1,0.1,0.0,.002,,-5.1,-2.0,-7.0,-0.1
344,Sergio Rodriguez\rodrise01,PG,30,PHI,20,543,11.5,.464,.439,.047,1.9,10.8,6.4,40.2,1.7,0.6,23.6,18.7,,-0.2,0.3,0.0,.003,,-2.0,-2.2,-4.2,-0.3
345,Rajon Rondo\rondora01,PG,30,CHI,17,519,13.1,.436,.179,.126,3.8,19.1,11.5,34.1,2.3,0.7,21.6,16.8,,-0.1,0.8,0.7,.064,,-1.6,1.8,0.2,0.3
346,Derrick Rose\rosede01,PG,28,NYK,19,611,16.3,.509,.110,.251,4.4,9.5,7.0,24.0,1.1,1.2,13.5,25.7,,0.6,0.1,0.7,.054,,0.2,-1.7,-1.5,0.1
347,Terrence Ross\rosste01,SF,25,TOR,19,380,18.6,.633,.486,.128,1.5,9.8,5.7,5.3,2.4,0.5,6.0,19.6,,1.1,0.3,1.4,.176,,3.9,-1.8,2.2,0.4
348,Terry Rozier\roziete01,PG,22,BOS,20,366,12.5,.510,.438,.210,2.7,17.8,10.2,13.9,2.1,0.7,10.2,15.6,,0.3,0.4,0.6,.082,,-1.4,0.1,-1.3,0.1
349,Ricky Rubio\rubiori01,PG,26,MIN,15,458,12.5,.503,.410,.564,4.3,10.3,7.2,30.4,2.5,0.2,23.6,12.1,,0.5,0.3,0.8,.084,,0.3,-0.8,-0.5,0.2
350,Damjan Rudez\rudezda01,SF,30,ORL,11,98,4.6,.472,.833,.000,3.2,7.7,5.4,3.1,2.6,0.0,21.7,10.5,,-0.1,0.1,0.0,.010,,-4.3,0.6,-3.7,0.0
351,Brandon Rush\rushbr01,SG,31,MIN,9,96,1.3,.306,.591,.091,0.0,11.3,5.4,8.5,1.0,1.8,14.9,12.2,,-0.2,0.0,-0.2,-0.089,,-6.2,-1.3,-7.5,-0.1
352,D'Angelo Russell\russeda01,PG,20,LAL,13,348,17.3,.534,.480,.212,2.2,11.9,6.9,30.0,2.4,0.9,16.6,28.5,,0.2,0.2,0.5,.064,,2.8,-1.5,1.2,0.3
353,Domantas Sabonis\sabondo01,PF,20,OKC,20,433,9.2,.557,.402,.016,2.1,14.4,8.4,9.6,1.5,1.1,15.8,14.4,,0.1,0.5,0.6,.070,,-2.0,0.3,-1.7,0.0
354,Dario Saric\saricda01,PF,22,PHI,20,496,8.8,.474,.359,.163,4.1,22.0,13.2,13.0,0.9,0.8,17.6,21.4,,-0.7,0.3,-0.4,-0.035,,-4.1,-0.8,-5.0,-0.4
355,Tomas Satoransky\satorto01,SG,25,WAS,17,295,8.2,.451,.246,.246,3.0,9.3,6.1,21.0,1.7,0.0,18.2,13.8,,0.0,0.2,0.1,.020,,-2.9,-1.3,-4.2,-0.2
356,Dennis Schroder\schrode01,PG,23,ATL,21,616,14.9,.514,.272,.214,1.6,9.4,5.5,34.4,1.2,0.5,16.8,26.7,,0.2,0.6,0.7,.057,,-0.4,-1.6,-2.1,0.0
357,Luis Scola\scolalu01,PF,36,BRK,18,242,13.1,.532,.329,.301,12.0,19.9,15.9,11.2,1.8,1.0,19.5,18.0,,0.1,0.2,0.3,.052,,-1.6,-0.1,-1.8,0.0
358,Mike Scott\scottmi01,PF,28,ATL,3,28,-1.2,.111,.556,.000,3.9,27.2,15.6,28.2,0.0,0.0,18.2,16.9,,-0.1,0.0,-0.1,-0.186,,-10.4,0.1,-10.4,-0.1
359,Thabo Sefolosha\sefolth01,SF,32,ATL,18,435,14.3,.551,.255,.182,4.3,16.7,10.6,10.3,4.0,0.7,14.4,13.7,,0.3,0.8,1.1,.124,,-1.4,3.7,2.3,0.5
360,Kevin Seraphin\serapke01,PF,27,IND,11,106,18.5,.503,.000,.091,16.6,22.6,19.6,9.3,1.4,3.2,9.9,21.0,,0.1,0.1,0.3,.115,,-1.3,-0.1,-1.4,0.0
361,Ramon Sessions\sessira01,PG,30,CHO,20,335,12.2,.471,.232,.505,1.3,7.0,4.2,29.9,1.8,0.5,13.6,18.6,,0.1,0.3,0.5,.067,,-2.5,-1.9,-4.4,-0.2
362,Iman Shumpert\shumpim01,SG,26,CLE,17,368,11.6,.630,.551,.269,3.4,8.9,6.2,12.3,2.3,1.3,21.6,13.2,,0.4,0.3,0.7,.097,,0.3,1.0,1.3,0.3
363,Pascal Siakam\siakapa01,PF,22,TOR,20,394,13.3,.585,.020,.121,8.2,14.6,11.4,2.9,1.5,3.1,12.6,13.5,,0.5,0.4,0.9,.114,,-0.5,0.8,0.3,0.2
364,Jonathon Simmons\simmojo02,SG,27,SAS,20,377,11.5,.507,.226,.452,2.2,10.7,6.5,16.2,2.2,1.8,14.6,16.0,,0.2,0.4,0.6,.076,,-1.5,0.9,-0.5,0.1
365,Kyle Singler\singlky01,SF,28,OKC,10,120,-0.1,.353,.571,.143,1.0,12.8,7.0,1.1,0.4,1.3,14.4,12.3,,-0.3,0.1,-0.2,-0.064,,-7.6,-1.8,-9.3,-0.2
366,Marcus Smart\smartma01,PG,22,BOS,17,521,9.4,.439,.491,.207,3.3,10.8,7.1,19.2,2.0,1.1,14.8,18.6,,-0.3,0.4,0.1,.005,,-2.1,-0.2,-2.4,0.0
367,Ish Smith\smithis01,PG,28,DET,21,622,15.1,.473,.111,.142,0.9,10.2,5.6,32.4,1.8,0.9,11.5,19.5,,0.5,0.8,1.3,.100,,-0.3,0.9,0.6,0.4
368,J.R. Smith\smithjr01,SG,31,CLE,15,459,7.2,.460,.838,.046,1.5,6.4,4.0,6.0,2.5,1.3,7.7,13.6,,-0.1,0.4,0.3,.034,,-0.5,0.7,0.2,0.3
369,Jason Smith\smithja02,C,30,WAS,17,203,2.2,.401,.019,.037,6.6,16.3,11.4,2.8,0.7,2.9,22.6,15.2,,-0.5,0.2,-0.3,-0.070,,-8.1,-0.4,-8.5,-0.3
370,Tony Snell\snellto01,SF,25,MIL,17,493,8.7,.533,.688,.085,2.5,12.8,7.7,5.3,0.7,0.4,8.7,14.3,,0.2,0.4,0.6,.057,,-0.3,-1.9,-2.2,0.0
371,Marreese Speights\speigma01,C,29,LAC,21,328,18.1,.542,.418,.376,9.1,24.0,16.7,7.4,1.2,2.7,7.3,24.1,,0.7,0.6,1.3,.189,,1.0,0.0,1.1,0.3
372,Nik Stauskas\stausni01,SG,23,PHI,20,514,11.0,.618,.569,.215,0.9,10.1,5.6,10.1,0.9,1.4,17.7,16.6,,0.3,0.2,0.5,.042,,-0.6,-1.5,-2.0,0.0
373,Lance Stephenson\stephla01,SG,26,NOP,6,162,10.6,.496,.182,.145,2.0,9.9,5.9,28.6,0.6,0.5,15.8,19.2,,0.0,0.1,0.1,.024,,-2.5,-2.1,-4.6,-0.1
374,Jarnell Stokes\stokeja01,PF,23,DEN,2,7,32.2,.798,.000,2.000,15.1,15.1,15.1,44.0,6.9,0.0,0.0,11.2,,0.1,0.0,0.1,.488,,12.0,4.3,16.3,0.0
375,Diamond Stone\stonedi01,C,19,LAC,3,14,2.8,.381,.000,.286,8.2,15.6,12.0,0.0,0.0,5.8,11.3,28.3,,0.0,0.0,0.0,-0.077,,-12.6,-3.9,-16.5,-0.1
376,Rodney Stuckey\stuckro01,PG,30,IND,9,174,8.7,.506,.222,.508,1.3,11.3,6.3,11.3,1.4,0.0,18.9,23.9,,-0.2,0.1,-0.1,-0.038,,-4.8,-2.8,-7.5,-0.2
377,Walter Tavares\tavarwa01,C,24,ATL,1,4,13.4,.532,.000,2.000,0.0,27.2,13.7,0.0,0.0,0.0,0.0,20.2,,0.0,0.0,0.0,-0.036,,-7.8,-6.6,-14.4,0.0
378,Jeff Teague\teaguje01,PG,28,IND,19,599,19.0,.533,.279,.397,1.7,12.0,6.8,33.1,3.1,1.8,15.9,23.4,,0.8,0.7,1.5,.122,,1.6,0.5,2.1,0.6
379,Mirza Teletovic\teletmi01,PF,31,MIL,17,271,10.6,.560,.830,.120,2.0,14.2,8.2,6.1,0.4,1.0,8.7,18.7,,0.2,0.2,0.4,.075,,0.8,-3.5,-2.6,0.0
380,Garrett Temple\templga01,SG,30,SAC,19,408,10.6,.525,.527,.132,2.6,10.8,6.7,11.9,2.2,2.2,13.5,12.2,,0.2,0.3,0.5,.064,,-0.8,1.1,0.3,0.2
381,Jason Terry\terryja01,SG,39,MIL,13,235,5.4,.454,.651,.116,0.5,6.8,3.7,9.1,1.3,1.5,11.7,9.6,,0.0,0.2,0.1,.027,,-2.8,-0.6,-3.4,-0.1
382,Isaiah Thomas\thomais02,PG,27,BOS,20,666,25.1,.575,.350,.483,1.8,6.8,4.3,33.9,1.2,0.4,9.0,33.7,,2.7,0.2,2.9,.210,,7.0,-3.9,3.1,0.9
383,Lance Thomas\thomala01,PF,28,NYK,9,143,5.5,.436,.256,.000,2.3,12.1,7.2,3.9,1.7,0.6,11.4,13.3,,-0.1,0.1,-0.1,-0.022,,-4.5,-1.1,-5.5,-0.1
384,Hollis Thompson\thompho01,SG,25,PHI,20,393,11.4,.536,.437,.134,3.7,13.2,8.5,7.5,1.5,0.8,4.5,14.9,,0.4,0.2,0.6,.077,,-0.6,-1.2,-1.7,0.0
385,Klay Thompson\thompkl01,SG,26,GSW,20,684,14.8,.578,.466,.136,1.6,9.3,5.7,9.4,1.0,0.7,10.3,25.0,,0.7,0.4,1.2,.081,,0.9,-3.0,-2.1,0.0
386,Tristan Thompson\thomptr01,C,25,CLE,18,522,15.4,.607,.013,.595,12.3,23.3,18.0,4.6,0.8,4.0,8.3,9.1,,1.2,0.7,1.8,.168,,0.0,2.8,2.8,0.6
387,Marcus Thornton\thornma01,SG,29,WAS,17,335,10.0,.465,.384,.152,4.3,9.2,6.7,9.8,1.9,0.0,9.5,19.2,,0.0,0.2,0.2,.029,,-1.6,-1.9,-3.6,-0.1
388,Anthony Tolliver\tollian01,PF,31,SAC,8,96,7.4,.519,.737,.263,7.3,12.1,9.7,7.5,0.5,0.0,15.9,11.7,,0.1,0.0,0.1,.041,,-1.1,-2.1,-3.1,0.0
389,Karl-Anthony Towns\townska01,C,21,MIN,20,695,23.5,.567,.223,.280,10.3,24.0,16.8,12.3,1.2,3.7,9.8,27.6,,1.8,0.6,2.5,.171,,3.3,-0.1,3.2,0.9
390,P.J. Tucker\tuckepj01,SF,31,PHO,20,480,10.7,.504,.406,.406,7.2,19.4,13.1,6.0,2.1,0.7,12.5,11.8,,0.3,0.4,0.7,.072,,-1.3,1.0,-0.3,0.2
391,Evan Turner\turneev01,SG,28,POR,21,522,12.2,.484,.204,.193,2.5,15.5,9.0,17.3,1.5,0.9,11.3,18.5,,0.2,0.1,0.3,.032,,-2.0,-1.0,-2.9,-0.1
392,Myles Turner\turnemy01,C,20,IND,18,514,21.1,.606,.111,.384,6.4,23.3,14.9,5.7,1.6,6.8,11.5,21.4,,1.0,0.9,1.8,.173,,-0.5,2.3,1.8,0.5
393,Beno Udrih\udrihbe01,PG,34,DET,21,367,15.5,.522,.165,.150,1.5,9.4,5.5,30.2,0.8,0.0,11.8,19.7,,0.5,0.3,0.9,.116,,0.4,-1.3,-0.9,0.1
394,Tyler Ulis\ulisty01,PG,21,PHO,12,136,13.1,.466,.116,.279,1.5,5.8,3.6,23.7,5.2,0.6,18.6,18.2,,-0.1,0.2,0.1,.040,,-3.0,0.6,-2.4,0.0
395,Jonas Valanciunas\valanjo01,C,24,TOR,18,507,19.0,.602,.000,.344,12.2,25.3,18.8,4.5,0.8,2.6,13.8,19.2,,1.2,0.6,1.8,.169,,0.1,-0.3,-0.1,0.2
396,Denzel Valentine\valende01,SG,23,CHI,15,150,3.7,.406,.683,.049,0.7,13.2,7.0,5.5,1.3,0.5,8.7,13.1,,-0.1,0.2,0.0,.012,,-3.7,-1.2,-4.9,-0.1
397,Fred VanVleet\vanvlfr01,PG,22,TOR,5,13,27.0,.700,.400,.000,0.0,8.7,4.4,25.2,7.8,0.0,16.7,20.6,,0.0,0.0,0.1,.263,,5.8,1.8,7.6,0.0
398,Anderson Varejao\varejan01,C,34,GSW,6,31,19.4,.646,.000,1.600,19.1,19.8,19.5,19.3,1.5,2.5,26.0,16.0,,0.1,0.0,0.2,.251,,1.7,1.6,3.3,0.0
399,Greivis Vasquez\vasqugr01,PG,30,BRK,3,39,4.3,.376,.375,.375,0.0,5.5,2.7,17.7,1.2,2.0,9.7,11.2,,0.0,0.0,0.0,-0.015,,-5.5,-2.1,-7.6,-0.1
400,Rashad Vaughn\vaughra01,SG,20,MIL,10,134,10.6,.519,.635,.000,0.0,8.8,4.5,2.3,1.9,2.6,5.5,18.0,,0.0,0.1,0.1,.051,,-1.4,-1.9,-3.3,0.0
401,Noah Vonleh\vonleno01,PF,21,POR,17,182,7.2,.482,.391,.239,4.8,28.0,16.3,2.2,1.1,3.0,20.4,15.3,,-0.2,0.1,-0.1,-0.019,,-6.5,-1.4,-7.8,-0.3
402,Nikola Vucevic\vucevni01,C,26,ORL,20,555,18.2,.461,.060,.143,10.6,34.0,22.2,16.3,1.3,2.5,8.8,23.7,,0.1,1.2,1.2,.106,,-2.1,2.9,0.8,0.4
403,Sasha Vujacic\vujacsa01,SG,32,NYK,12,86,6.6,.414,.615,.154,1.3,20.0,10.7,12.7,1.7,0.0,15.3,16.5,,-0.1,0.1,0.0,-0.027,,-3.9,-1.4,-5.3,-0.1
404,Dwyane Wade\wadedw01,SG,35,CHI,17,524,20.2,.531,.207,.247,4.8,9.8,7.3,17.3,2.7,1.6,10.8,28.0,,0.8,0.7,1.5,.142,,2.2,-0.1,2.1,0.5
405,Dion Waiters\waitedi01,SG,25,MIA,16,509,11.2,.455,.266,.201,1.4,10.4,5.8,21.1,1.4,1.5,12.3,24.9,,-0.4,0.5,0.1,.009,,-2.0,-0.5,-2.5,-0.1
406,Kemba Walker\walkeke02,PG,26,CHO,20,668,23.9,.585,.384,.301,1.5,11.4,6.5,29.2,2.3,0.7,9.4,29.9,,1.8,0.9,2.6,.189,,6.5,-0.7,5.9,1.3
407,John Wall\walljo01,PG,26,WAS,16,568,22.5,.533,.182,.325,2.7,11.3,6.9,46.8,2.8,1.5,17.7,31.2,,0.9,0.6,1.4,.121,,3.9,0.1,4.0,0.8
408,Taurean Waller-Prince\princta02,SF,22,ATL,14,162,9.8,.534,.479,.208,2.7,20.1,11.5,10.1,1.2,1.9,18.6,17.1,,0.0,0.2,0.2,.057,,-3.9,0.8,-3.2,0.0
409,T.J. Warren\warretj01,SF,23,PHO,13,421,17.2,.517,.128,.217,6.4,8.0,7.2,5.3,2.8,0.7,5.5,23.4,,0.6,0.3,0.9,.100,,0.3,-1.2,-1.0,0.1
410,C.J. Watson\watsocj01,PG,32,ORL,17,207,7.2,.410,.385,.359,1.0,9.9,5.4,12.0,2.7,0.0,8.1,10.6,,0.0,0.3,0.2,.057,,-4.2,1.1,-3.1,-0.1
411,David West\westda01,PF,36,GSW,20,212,14.1,.548,.015,.242,9.0,16.0,12.7,18.6,2.7,3.3,24.7,19.7,,0.0,0.3,0.4,.085,,-2.5,2.4,-0.1,0.1
412,Russell Westbrook\westbru01,PG,28,OKC,20,714,30.0,.539,.220,.430,7.5,25.0,16.4,58.1,1.8,0.8,15.9,41.0,,2.3,1.1,3.4,.226,,9.9,4.2,14.1,2.9
413,Isaiah Whitehead\whiteis01,PG,21,BRK,15,334,5.2,.432,.283,.185,1.6,9.9,5.7,19.5,1.3,2.1,24.9,16.8,,-0.6,0.1,-0.5,-0.074,,-6.1,-0.5,-6.6,-0.4
414,Hassan Whiteside\whiteha01,C,27,MIA,20,665,24.9,.573,.000,.392,13.9,34.8,24.1,4.1,1.2,6.0,11.4,23.5,,1.3,1.5,2.8,.201,,-0.9,2.0,1.1,0.5
415,Andrew Wiggins\wiggian01,SF,21,MIN,20,729,16.0,.535,.218,.394,3.3,9.3,6.2,11.8,0.8,0.9,10.9,28.6,,0.9,0.1,1.0,.066,,0.3,-3.6,-3.3,-0.2
416,C.J. Wilcox\wilcocj01,SG,26,ORL,8,45,4.0,.450,.875,.250,2.3,4.8,3.6,16.2,0.0,0.0,25.3,11.8,,0.0,0.0,0.0,-0.015,,-4.9,-2.9,-7.9,-0.1
417,Alan Williams\willial03,PF,24,PHO,8,81,23.2,.610,.000,.560,21.9,29.1,25.4,2.0,2.9,6.8,20.4,20.2,,0.1,0.2,0.3,.166,,-1.6,1.5,-0.1,0.0
418,Deron Williams\willide01,PG,32,DAL,11,308,11.2,.464,.405,.157,0.7,10.3,5.2,38.4,0.7,0.6,16.2,23.5,,-0.1,0.2,0.1,.008,,-1.6,-2.3,-3.9,-0.1
419,Derrick Williams\willide02,SF,25,MIA,11,171,10.9,.449,.357,.257,4.9,11.0,7.8,3.9,0.9,0.9,2.5,20.8,,0.0,0.1,0.1,.039,,-2.4,-2.7,-5.1,-0.1
420,Lou Williams\willilo02,SG,30,LAL,22,533,23.2,.595,.394,.420,1.0,9.2,5.0,23.8,2.5,0.3,12.4,29.4,,1.6,0.3,1.8,.165,,5.1,-2.7,2.4,0.6
421,Marvin Williams\willima02,PF,30,CHO,15,413,9.7,.459,.559,.138,4.2,19.2,11.8,7.1,0.6,1.4,5.8,18.5,,-0.1,0.5,0.4,.042,,-2.2,-0.8,-3.0,-0.1
422,Troy Williams\willitr02,SF,22,MEM,15,252,8.0,.470,.351,.311,1.3,8.7,4.9,8.6,3.3,1.5,16.8,18.3,,-0.4,0.4,0.0,.002,,-4.2,1.0,-3.1,-0.1
423,Kyle Wiltjer\wiltjky01,PF,24,HOU,4,10,-9.2,.375,1.000,.000,0.0,34.4,17.1,0.0,0.0,0.0,33.3,25.9,,-0.1,0.0,-0.1,-0.315,,-15.2,-8.5,-23.7,-0.1
424,Justise Winslow\winslju01,SF,20,MIA,9,323,8.6,.387,.222,.151,3.6,10.6,7.0,17.0,2.4,0.7,9.4,20.4,,-0.4,0.4,0.0,-0.005,,-3.1,0.8,-2.2,0.0
425,Jeff Withey\witheje01,C,26,UTA,17,166,16.6,.660,.036,.679,9.5,17.0,13.5,1.8,1.9,6.7,16.1,12.5,,0.3,0.3,0.7,.194,,-1.3,3.6,2.3,0.2
426,Christian Wood\woodch01,PF,21,CHO,1,3,-5.3,.000,1.000,.000,0.0,70.7,35.7,0.0,0.0,0.0,0.0,14.9,,0.0,0.0,0.0,-0.255,,-20.3,-7.7,-28.0,0.0
427,Metta World Peace\artesro01,SF,37,LAL,8,46,4.2,.317,.714,.286,4.7,9.7,7.1,8.7,3.2,1.8,6.0,15.4,,-0.1,0.0,0.0,-0.035,,-3.1,0.0,-3.1,0.0
428,James Young\youngja01,SG,21,BOS,11,64,10.0,.500,.500,.000,3.4,15.3,9.3,6.6,2.3,0.0,6.7,10.5,,0.0,0.1,0.1,.069,,-2.5,-0.4,-2.9,0.0
429,Joe Young\youngjo01,PG,24,IND,14,86,10.0,.421,.300,.225,1.3,12.6,7.0,17.8,0.6,0.0,4.4,23.4,,-0.1,0.0,0.0,-0.008,,-3.3,-4.2,-7.5,-0.1
430,Nick Young\youngni01,SG,31,LAL,18,450,15.7,.625,.621,.192,1.7,8.9,5.2,7.0,0.5,1.3,5.9,19.2,,1.3,0.0,1.3,.139,,3.7,-3.3,0.5,0.3
431,Thaddeus Young\youngth01,PF,28,IND,19,573,15.2,.575,.225,.126,6.0,15.9,11.0,8.1,2.1,1.0,11.5,16.6,,0.6,0.6,1.2,.101,,0.3,0.4,0.6,0.4
432,Cody Zeller\zelleco01,PF,24,CHO,17,421,18.2,.614,.000,.591,8.0,18.1,13.1,8.5,1.1,4.1,7.6,16.6,,1.1,0.6,1.7,.196,,0.1,2.2,2.3,0.5
433,Tyler Zeller\zellety01,C,27,BOS,20,276,15.4,.512,.000,.253,10.6,17.7,14.2,11.2,0.7,4.4,9.4,17.3,,0.4,0.3,0.6,.112,,-2.2,1.0,-1.2,0.1
434,Stephen Zimmerman\zimmest01,C,20,ORL,2,11,15.2,.410,.000,.500,19.2,19.6,19.4,14.2,0.0,0.0,0.0,9.9,,0.0,0.0,0.0,.131,,-1.1,0.1,-1.0,0.0
435,Paul Zipser\zipsepa01,SF,22,CHI,6,30,-2.8,.000,.333,.000,3.5,20.9,12.2,12.4,1.7,0.0,14.3,10.0,,-0.1,0.0,-0.1,-0.123,,-9.6,1.3,-8.3,0.0
436,Ivica Zubac\zubaciv01,C,19,LAL,3,27,6.6,.509,.000,.333,7.9,16.5,12.1,0.0,1.8,0.0,12.7,12.4,,0.0,0.0,0.0,.036,,-5.1,-3.8,-8.9,0.0
